DATE,Beautification Daily Log_Date,Beautification Daily Log_Location (cross streets),Beautification Daily Log_How many POUNDS of garbage collected? (number only),Beautification Daily Log_Sum,Beautification Daily Log_Percentage of total,Metro Cost_Weight_Date,Metro Cost_Weight_Pounds,Metro Cost_Weight_Cost,Metro Cost_Weight_Sum,Metro Cost_Weight_Percentage of total,APPROX SITE WEIGHT,CITY,STATE,ZIP
11/29/2021,11/29/2021,0,0,0,0,11/29/2021,1020,73,2280,0.45,0,0,0,0
11/29/2021,11/29/2021,0,0,0,0,11/29/2021,1260,87,2280,0.55,0,0,0,0
1/4/2022,1/4/2022,0,0,0,0,1/4/2022,960,70,960,1,0,0,0,0
1/5/2022,1/5/2022,0,0,0,0,1/5/2022,1200,84,6820,0.18,0,0,0,0
1/5/2022,1/5/2022,0,0,0,0,1/5/2022,1680,111,6820,0.25,0,0,0,0
1/5/2022,1/5/2022,0,0,0,0,1/5/2022,1820,120,6820,0.27,0,0,0,0
1/5/2022,1/5/2022,0,0,0,0,1/5/2022,2120,137,6820,0.31,0,0,0,0
1/6/2022,1/6/2022,0,0,0,0,1/6/2022,1740,115,3520,0.49,0,0,0,0
1/6/2022,1/6/2022,0,0,0,0,1/6/2022,1780,117,3520,0.51,0,0,0,0
1/10/2022,1/10/2022,0,0,0,0,1/10/2022,2000,130,4720,0.42,0,0,0,0
1/10/2022,1/10/2022,0,0,0,0,1/10/2022,2720,171,4720,0.58,0,0,0,0
1/11/2022,1/11/2022,0,0,0,0,1/11/2022,1340,92,5760,0.23,0,0,0,0
1/11/2022,1/11/2022,0,0,0,0,1/11/2022,1440,98,5760,0.25,0,0,0,0
1/11/2022,1/11/2022,0,0,0,0,1/11/2022,2980,186,5760,0.52,0,0,0,0
1/12/2022,1/12/2022,0,0,0,0,1/12/2022,700,55,3440,0.2,0,0,0,0
1/12/2022,1/12/2022,0,0,0,0,1/12/2022,2740,173,3440,0.8,0,0,0,0
1/13/2022,1/13/2022,0,0,0,0,1/13/2022,1460,99,4280,0.34,0,0,0,0
1/13/2022,1/13/2022,0,0,0,0,1/13/2022,2820,177,4280,0.66,0,0,0,0
1/18/2022,1/18/2022,0,0,0,0,1/18/2022,1800,118,4620,0.39,0,0,0,0
1/18/2022,1/18/2022,0,0,0,0,1/18/2022,2820,177,4620,0.61,0,0,0,0
1/19/2022,1/19/2022,0,0,0,0,1/19/2022,1680,111,6180,0.27,0,0,0,0
1/19/2022,1/19/2022,0,0,0,0,1/19/2022,2020,131,6180,0.33,0,0,0,0
1/19/2022,1/19/2022,0,0,0,0,1/19/2022,2480,158,6180,0.4,0,0,0,0
1/20/2022,1/20/2022,0,0,0,0,1/20/2022,1480,100,5740,0.26,0,0,0,0
1/20/2022,1/20/2022,0,0,0,0,1/20/2022,2020,131,5740,0.35,0,0,0,0
1/20/2022,1/20/2022,0,0,0,0,1/20/2022,2240,144,5740,0.39,0,0,0,0
1/25/2022,1/25/2022,0,0,0,0,1/25/2022,2700,170,2700,1,0,0,0,0
1/27/2022,1/27/2022,0,0,0,0,1/27/2022,1480,100,4920,0.3,0,0,0,0
1/27/2022,1/27/2022,0,0,0,0,1/27/2022,1540,103,4920,0.31,0,0,0,0
1/27/2022,1/27/2022,0,0,0,0,1/27/2022,1900,124,4920,0.39,0,0,0,0
1/28/2022,1/28/2022,0,0,0,0,1/28/2022,1320,91,1320,1,0,0,0,0
1/31/2022,1/31/2022,0,0,0,0,1/31/2022,2260,145,5060,0.45,0,0,0,0
1/31/2022,1/31/2022,0,0,0,0,1/31/2022,2800,176,5060,0.55,0,0,0,0
2/1/2022,2/1/2022,0,0,0,0,2/1/2022,780,60,3780,0.21,0,0,0,0
2/1/2022,2/1/2022,0,0,0,0,2/1/2022,800,61,3780,0.21,0,0,0,0
2/1/2022,2/1/2022,0,0,0,0,2/1/2022,880,65,3780,0.23,0,0,0,0
2/1/2022,2/1/2022,0,0,0,0,2/1/2022,1320,91,3780,0.35,0,0,0,0
2/2/2022,2/2/2022,0,0,0,0,2/2/2022,2820,177,6900,0.41,0,0,0,0
2/2/2022,2/2/2022,0,0,0,0,2/2/2022,4080,250,6900,0.59,0,0,0,0
2/4/2022,2/4/2022,0,0,0,0,2/4/2022,2840,178,2840,1,0,0,0,0
2/7/2022,2/7/2022,0,0,0,0,2/7/2022,1160,82,5100,0.23,0,0,0,0
2/7/2022,2/7/2022,0,0,0,0,2/7/2022,3940,242,5100,0.77,0,0,0,0
2/8/2022,2/8/2022,0,0,0,0,2/8/2022,2100,136,4580,0.46,0,0,0,0
2/8/2022,2/8/2022,0,0,0,0,2/8/2022,2480,158,4580,0.54,0,0,0,0
2/9/2022,2/9/2022,0,0,0,0,2/9/2022,1980,129,6580,0.3,0,0,0,0
2/9/2022,2/9/2022,0,0,0,0,2/9/2022,4600,280,6580,0.7,0,0,0,0
2/10/2022,2/10/2022,0,0,0,0,2/10/2022,2560,162,6040,0.42,0,0,0,0
2/10/2022,2/10/2022,0,0,0,0,2/10/2022,3480,215,6040,0.58,0,0,0,0
2/14/2022,2/14/2022,0,0,0,0,2/14/2022,760,53,5540,0.14,0,0,0,0
2/14/2022,2/14/2022,0,0,0,0,2/14/2022,1960,128,5540,0.35,0,0,0,0
2/14/2022,2/14/2022,0,0,0,0,2/14/2022,2820,177,5540,0.51,0,0,0,0
2/15/2022,2/15/2022,0,0,0,0,2/15/2022,1920,125,7580,0.25,0,0,0,0
2/15/2022,2/15/2022,0,0,0,0,2/15/2022,2540,161,7580,0.34,0,0,0,0
2/15/2022,2/15/2022,0,0,0,0,2/15/2022,3120,194,7580,0.41,0,0,0,0
2/17/2022,2/17/2022,0,0,0,0,2/17/2022,980,71,2520,0.39,0,0,0,0
2/17/2022,2/17/2022,0,0,0,0,2/17/2022,1540,103,2520,0.61,0,0,0,0
2/18/2022,2/18/2022,0,0,0,0,2/18/2022,3740,230,3740,1,0,0,0,0
2/21/2022,2/21/2022,0,0,0,0,2/21/2022,1640,109,4560,0.36,0,0,0,0
2/21/2022,2/21/2022,0,0,0,0,2/21/2022,2920,183,4560,0.64,0,0,0,0
2/22/2022,2/22/2022,0,0,0,0,2/22/2022,2080,135,4760,0.44,0,0,0,0
2/22/2022,2/22/2022,0,0,0,0,2/22/2022,2680,169,4760,0.56,0,0,0,0
2/23/2022,2/23/2022,0,0,0,0,2/23/2022,1600,107,4240,0.38,0,0,0,0
2/23/2022,2/23/2022,0,0,0,0,2/23/2022,2640,167,4240,0.62,0,0,0,0
2/24/2022,2/24/2022,0,0,0,0,2/24/2022,1160,82,1160,1,0,0,0,0
2/28/2022,2/28/2022,0,0,0,0,2/28/2022,2000,130,4980,0.4,0,0,0,0
2/28/2022,2/28/2022,0,0,0,0,2/28/2022,2980,186,4980,0.6,0,0,0,0
3/1/2022,3/1/2022,0,0,0,0,3/1/2022,2580,163,5200,0.5,0,0,0,0
3/1/2022,3/1/2022,0,0,0,0,3/1/2022,2620,166,5200,0.5,0,0,0,0
3/3/2022,3/3/2022,0,0,0,0,3/3/2022,3660,225,7380,0.5,0,0,0,0
3/3/2022,3/3/2022,0,0,0,0,3/3/2022,3720,229,7380,0.5,0,0,0,0
3/7/2022,3/7/2022,0,0,0,0,3/7/2022,2680,169,6580,0.41,0,0,0,0
3/7/2022,3/7/2022,0,0,0,0,3/7/2022,3900,239,6580,0.59,0,0,0,0
3/8/2022,3/8/2022,0,0,0,0,3/8/2022,1980,129,5820,0.34,0,0,0,0
3/8/2022,3/8/2022,0,0,0,0,3/8/2022,3840,236,5820,0.66,0,0,0,0
3/9/2022,3/9/2022,0,0,0,0,3/9/2022,3100,193,6680,0.46,0,0,0,0
3/9/2022,3/9/2022,0,0,0,0,3/9/2022,3580,221,6680,0.54,0,0,0,0
3/10/2022,3/10/2022,0,0,0,0,3/10/2022,3280,204,7320,0.45,0,0,0,0
3/10/2022,3/10/2022,0,0,0,0,3/10/2022,4040,247,7320,0.55,0,0,0,0
3/14/2022,3/14/2022,0,0,0,0,3/14/2022,2320,148,2320,1,0,0,0,0
3/15/2022,3/15/2022,0,0,0,0,3/15/2022,5380,324,5380,1,0,0,0,0
3/16/2022,3/16/2022,0,0,0,0,3/16/2022,3520,217,7820,0.45,0,0,0,0
3/16/2022,3/16/2022,0,0,0,0,3/16/2022,4300,262,7820,0.55,0,0,0,0
3/17/2022,3/17/2022,0,0,0,0,3/17/2022,3240,201,7200,0.45,0,0,0,0
3/17/2022,3/17/2022,0,0,0,0,3/17/2022,3960,243,7200,0.55,0,0,0,0
3/18/2022,3/18/2022,0,0,0,0,3/18/2022,1020,73,1020,1,0,0,0,0
3/22/2022,3/22/2022,0,0,0,0,3/22/2022,1320,91,1320,1,0,0,0,0
3/23/2022,3/23/2022,0,0,0,0,3/23/2022,2180,140,5540,0.39,0,0,0,0
3/23/2022,3/23/2022,0,0,0,0,3/23/2022,3360,208,5540,0.61,0,0,0,0
3/24/2022,3/24/2022,0,0,0,0,3/24/2022,680,54,3780,0.18,0,0,0,0
3/24/2022,3/24/2022,0,0,0,0,3/24/2022,3100,193,3780,0.82,0,0,0,0
3/25/2022,3/25/2022,0,0,0,0,3/25/2022,2540,161,2540,1,0,0,0,0
3/28/2022,3/28/2022,0,0,0,0,3/28/2022,2280,146,2280,1,0,0,0,0
3/29/2022,3/29/2022,0,0,0,0,3/29/2022,2100,136,5040,0.42,0,0,0,0
3/29/2022,3/29/2022,0,0,0,0,3/29/2022,2940,184,5040,0.58,0,0,0,0
3/30/2022,3/30/2022,0,0,0,0,3/30/2022,2120,137,4940,0.43,0,0,0,0
3/30/2022,3/30/2022,0,0,0,0,3/30/2022,2820,177,4940,0.57,0,0,0,0
3/31/2022,3/31/2022,0,0,0,0,3/31/2022,1440,98,3480,0.41,0,0,0,0
3/31/2022,3/31/2022,0,0,0,0,3/31/2022,2040,132,3480,0.59,0,0,0,0
4/4/2022,4/4/2022,0,0,0,0,4/4/2022,2420,154,2420,1,0,0,0,0
4/5/2022,4/5/2022,0,0,0,0,4/5/2022,2800,176,6660,0.42,0,0,0,0
4/5/2022,4/5/2022,0,0,0,0,4/5/2022,3860,237,6660,0.58,0,0,0,0
4/6/2022,4/6/2022,0,0,0,0,4/6/2022,3100,193,6280,0.49,0,0,0,0
4/6/2022,4/6/2022,0,0,0,0,4/6/2022,3180,198,6280,0.51,0,0,0,0
4/7/2022,4/7/2022,0,0,0,0,4/7/2022,4540,276,4540,1,0,0,0,0
4/8/2022,4/8/2022,0,0,0,0,4/8/2022,2500,159,2500,1,0,0,0,0
4/12/2022,4/12/2022,0,0,0,0,4/12/2022,2880,181,2880,1,0,0,0,0
4/13/2022,4/13/2022,0,0,0,0,4/13/2022,3220,200,3220,1,0,0,0,0
4/14/2022,4/14/2022,0,0,0,0,4/14/2022,5480,330,5480,1,0,0,0,0
4/18/2022,4/18/2022,0,0,0,0,4/18/2022,3800,234,8980,0.42,0,0,0,0
4/18/2022,4/18/2022,0,0,0,0,4/18/2022,5180,313,8980,0.58,0,0,0,0
4/19/2022,4/19/2022,0,0,0,0,4/19/2022,3680,227,3680,1,0,0,0,0
4/20/2022,4/20/2022,0,0,0,0,4/20/2022,4060,248,4060,1,0,0,0,0
4/21/2022,4/21/2022,0,0,0,0,4/21/2022,1600,107,6020,0.27,0,0,0,0
4/21/2022,4/21/2022,0,0,0,0,4/21/2022,1920,125,6020,0.32,0,0,0,0
4/21/2022,4/21/2022,0,0,0,0,4/21/2022,2500,159,6020,0.42,0,0,0,0
4/22/2022,4/22/2022,0,0,0,0,4/22/2022,1800,118,1800,1,0,0,0,0
4/26/2022,4/26/2022,0,0,0,0,4/26/2022,1640,109,6040,0.27,0,0,0,0
4/26/2022,4/26/2022,0,0,0,0,4/26/2022,4400,268,6040,0.73,0,0,0,0
4/28/2022,4/28/2022,0,0,0,0,4/28/2022,2300,147,8000,0.29,0,0,0,0
4/28/2022,4/28/2022,0,0,0,0,4/28/2022,2320,148,8000,0.29,0,0,0,0
4/28/2022,4/28/2022,0,0,0,0,4/28/2022,3380,209,8000,0.42,0,0,0,0
5/2/2022,5/2/2022,0,0,0,0,5/2/2022,1660,110,3980,0.42,0,0,0,0
5/2/2022,5/2/2022,0,0,0,0,5/2/2022,2320,148,3980,0.58,0,0,0,0
5/3/2022,5/3/2022,0,0,0,0,5/3/2022,2780,175,5560,0.5,0,0,0,0
5/3/2022,5/3/2022,0,0,0,0,5/3/2022,2780,175,5560,0.5,0,0,0,0
5/4/2022,5/4/2022,0,0,0,0,5/4/2022,2480,158,2480,1,0,0,0,0
5/5/2022,5/5/2022,0,0,0,0,5/5/2022,3740,230,3740,1,0,0,0,0
5/10/2022,5/10/2022,0,0,0,0,5/10/2022,360,35.48,2980,0.12,0,0,0,0
5/10/2022,5/10/2022,0,0,0,0,5/10/2022,2620,165.6,2980,0.88,0,0,0,0
5/11/2022,5/11/2022,0,0,0,0,5/11/2022,2520,147.84,2520,1,0,0,0,0
5/12/2022,5/12/2022,0,0,0,0,5/12/2022,720,44.2,7920,0.09,0,0,0,0
5/12/2022,5/12/2022,0,0,0,0,5/12/2022,3540,206.57,7920,0.45,0,0,0,0
5/12/2022,5/12/2022,0,0,0,0,5/12/2022,3660,213.47,7920,0.46,0,0,0,0
5/13/2022,5/13/2022,0,0,0,0,5/13/2022,880,53.42,880,1,0,0,0,0
5/16/2022,5/16/2022,0,0,0,0,5/16/2022,1900,112.14,4400,0.43,0,0,0,0
5/16/2022,5/16/2022,0,0,0,0,5/16/2022,2500,146.69,4400,0.57,0,0,0,0
5/17/2022,5/17/2022,0,0,0,0,5/17/2022,1760,104.08,6140,0.29,0,0,0,0
5/17/2022,5/17/2022,0,0,0,0,5/17/2022,1880,110.99,6140,0.31,0,0,0,0
5/17/2022,5/17/2022,0,0,0,0,5/17/2022,2500,146.69,6140,0.41,0,0,0,0
5/18/2022,5/18/2022,0,0,0,0,5/18/2022,2340,137.48,2340,1,0,0,0,0
5/19/2022,5/19/2022,0,0,0,0,5/19/2022,2400,140.93,2400,1,0,0,0,0
5/23/2022,5/23/2022,0,0,0,0,5/23/2022,1580,93.72,3600,0.44,0,0,0,0
5/23/2022,5/23/2022,0,0,0,0,5/23/2022,2020,119.05,3600,0.56,0,0,0,0
5/24/2022,5/24/2022,0,0,0,0,5/24/2022,1800,106.39,4340,0.41,0,0,0,0
5/24/2022,5/24/2022,0,0,0,0,5/24/2022,2540,148.99,4340,0.59,0,0,0,0
5/25/2022,5/25/2022,0,0,0,0,5/25/2022,1100,66.08,4700,0.23,0,0,0,0
5/25/2022,5/25/2022,0,0,0,0,5/25/2022,1100,78,4700,0.23,0,0,0,0
5/25/2022,5/25/2022,0,0,0,0,5/25/2022,2500,146.69,4700,0.53,0,0,0,0
5/26/2022,5/26/2022,0,0,0,0,5/26/2022,660,40.75,8280,0.08,0,0,0,0
5/26/2022,5/26/2022,0,0,0,0,5/26/2022,3800,221.53,8280,0.46,0,0,0,0
5/26/2022,5/26/2022,0,0,0,0,5/26/2022,3820,222.69,8280,0.46,0,0,0,0
5/31/2022,5/31/2022,0,0,0,0,5/31/2022,460,29.23,6780,0.07,0,0,0,0
5/31/2022,5/31/2022,0,0,0,0,5/31/2022,2660,155.9,6780,0.39,0,0,0,0
5/31/2022,5/31/2022,0,0,0,0,5/31/2022,3660,213.47,6780,0.54,0,0,0,0
6/1/2022,6/1/2022,0,0,0,0,6/1/2022,3340,195.05,3340,1,0,0,0,0
6/2/2022,6/2/2022,0,0,0,0,6/2/2022,1940,114.45,4520,0.43,0,0,0,0
6/2/2022,6/2/2022,0,0,0,0,6/2/2022,2580,163,4520,0.57,0,0,0,0
6/3/2022,6/3/2022,0,0,0,0,6/3/2022,1880,110.99,1880,1,0,0,0,0
6/6/2022,6/6/2022,0,0,0,0,6/6/2022,2180,128.26,4500,0.48,0,0,0,0
6/6/2022,6/6/2022,0,0,0,0,6/6/2022,2320,136.32,4500,0.52,0,0,0,0
6/7/2022,6/7/2022,0,0,0,0,6/7/2022,1860,109.84,4760,0.39,0,0,0,0
6/7/2022,6/7/2022,0,0,0,0,6/7/2022,2900,169.72,4760,0.61,0,0,0,0
6/8/2022,6/8/2022,0,0,0,0,6/8/2022,1800,106.39,8860,0.2,0,0,0,0
6/8/2022,6/8/2022,0,0,0,0,6/8/2022,1880,110.99,8860,0.21,0,0,0,0
6/8/2022,6/8/2022,0,0,0,0,6/8/2022,2320,136.32,8860,0.26,0,0,0,0
6/8/2022,6/8/2022,0,0,0,0,6/8/2022,2860,167.41,8860,0.32,0,0,0,0
6/9/2022,6/9/2022,0,0,0,0,6/9/2022,1260,75.29,8120,0.16,0,0,0,0
6/9/2022,6/9/2022,0,0,0,0,6/9/2022,1800,106.39,8120,0.22,0,0,0,0
6/9/2022,6/9/2022,0,0,0,0,6/9/2022,1860,109.84,8120,0.23,0,0,0,0
6/9/2022,6/9/2022,0,0,0,0,6/9/2022,3200,186.99,8120,0.39,0,0,0,0
6/10/2022,6/10/2022,0,0,0,0,6/10/2022,640,39.6,3860,0.17,0,0,0,0
6/10/2022,6/10/2022,0,0,0,0,6/10/2022,3220,188.14,3860,0.83,0,0,0,0
6/13/2022,6/13/2022,0,0,0,0,6/13/2022,3140,183.54,6440,0.49,0,0,0,0
6/13/2022,6/13/2022,0,0,0,0,6/13/2022,3300,192.75,6440,0.51,0,0,0,0
6/14/2022,6/14/2022,0,0,0,0,6/14/2022,2200,129.41,8120,0.27,0,0,0,0
6/14/2022,6/14/2022,0,0,0,0,6/14/2022,2940,172.02,8120,0.36,0,0,0,0
6/14/2022,6/14/2022,0,0,0,0,6/14/2022,2980,174.32,8120,0.37,0,0,0,0
6/15/2022,6/15/2022,0,0,0,0,6/15/2022,1860,109.84,7240,0.26,0,0,0,0
6/15/2022,6/15/2022,0,0,0,0,6/15/2022,2480,145.54,7240,0.34,0,0,0,0
6/15/2022,6/15/2022,0,0,0,0,6/15/2022,2900,169.72,7240,0.4,0,0,0,0
6/16/2022,6/16/2022,0,0,0,0,6/16/2022,1780,117,10560,0.17,0,0,0,0
6/16/2022,6/16/2022,0,0,0,0,6/16/2022,1820,107.54,10560,0.17,0,0,0,0
6/16/2022,6/16/2022,0,0,0,0,6/16/2022,2220,130.57,10560,0.21,0,0,0,0
6/16/2022,6/16/2022,0,0,0,0,6/16/2022,2240,131.72,10560,0.21,0,0,0,0
6/16/2022,6/16/2022,0,0,0,0,6/16/2022,2500,146.69,10560,0.24,0,0,0,0
6/17/2022,6/17/2022,0,0,0,0,6/17/2022,1120,67.23,1120,1,0,0,0,0
6/22/2022,6/22/2022,0,0,0,0,6/22/2022,1380,82.2,1380,1,0,0,0,0
6/23/2022,6/23/2022,0,0,0,0,6/23/2022,1480,87.96,1480,1,0,0,0,0
6/24/2022,6/24/2022,0,0,0,0,6/24/2022,1340,79.9,3900,0.34,0,0,0,0
6/24/2022,6/24/2022,0,0,0,0,6/24/2022,2560,150.14,3900,0.66,0,0,0,0
6/27/2022,6/27/2022,0,0,0,0,6/27/2022,1740,102.93,1740,1,0,0,0,0
6/30/2022,6/30/2022,0,0,0,0,6/30/2022,1680,99.48,1680,1,0,0,0,0
7/1/2022,7/1/2022,0,0,0,0,7/1/2022,1920,122.76,1920,1,0,0,0,0
7/5/2022,7/5/2022,0,0,0,0,7/5/2022,1960,125.23,3980,0.49,0,0,0,0
7/5/2022,7/5/2022,0,0,0,0,7/5/2022,2020,128.93,3980,0.51,0,0,0,0
7/6/2022,7/6/2022,0,0,0,0,7/6/2022,1900,121.53,4760,0.4,0,0,0,0
7/6/2022,7/6/2022,0,0,0,0,7/6/2022,2860,180.78,4760,0.6,0,0,0,0
7/11/2022,7/11/2022,0,0,0,0,7/11/2022,1660,106.71,5080,0.33,0,0,0,0
7/11/2022,7/11/2022,0,0,0,0,7/11/2022,1660,106.71,5080,0.33,0,0,0,0
7/11/2022,7/11/2022,0,0,0,0,7/11/2022,1760,112.89,5080,0.35,0,0,0,0
7/14/2022,7/14/2022,0,0,0,0,7/14/2022,2120,135.11,7240,0.29,0,0,0,0
7/14/2022,7/14/2022,0,0,0,0,7/14/2022,2260,143.75,7240,0.31,0,0,0,0
7/14/2022,7/14/2022,0,0,0,0,7/14/2022,2860,180.78,7240,0.4,0,0,0,0
7/15/2022,7/15/2022,0,0,0,0,7/15/2022,1520,98.07,1520,1,0,0,0,0
7/18/2022,7/18/2022,0,0,0,0,7/18/2022,1580,101.78,6520,0.24,0,0,0,0
7/18/2022,7/18/2022,0,0,0,0,7/18/2022,1600,103.01,6520,0.25,0,0,0,0
7/18/2022,7/18/2022,0,0,0,0,7/18/2022,1620,104.24,6520,0.25,0,0,0,0
7/18/2022,7/18/2022,0,0,0,0,7/18/2022,1720,110.42,6520,0.26,0,0,0,0
7/19/2022,7/19/2022,0,0,0,0,7/19/2022,40,22.77,7120,0.01,0,0,0,0
7/19/2022,7/19/2022,0,0,0,0,7/19/2022,60,22.77,7120,0.01,0,0,0,0
7/19/2022,7/19/2022,0,0,0,0,7/19/2022,980,64.74,7120,0.14,0,0,0,0
7/19/2022,7/19/2022,0,0,0,0,7/19/2022,1780,114.12,7120,0.25,0,0,0,0
7/19/2022,7/19/2022,0,0,0,0,7/19/2022,2040,130.17,7120,0.29,0,0,0,0
7/19/2022,7/19/2022,0,0,0,0,7/19/2022,2220,141.28,7120,0.31,0,0,0,0
7/20/2022,7/20/2022,0,0,0,0,7/20/2022,1700,109.18,9640,0.18,0,0,0,0
7/20/2022,7/20/2022,0,0,0,0,7/20/2022,1920,122.76,9640,0.2,0,0,0,0
7/20/2022,7/20/2022,0,0,0,0,7/20/2022,1940,124,9640,0.2,0,0,0,0
7/20/2022,7/20/2022,0,0,0,0,7/20/2022,1980,126.47,9640,0.21,0,0,0,0
7/20/2022,7/20/2022,0,0,0,0,7/20/2022,2100,133.87,9640,0.22,0,0,0,0
7/21/2022,7/21/2022,0,0,0,0,7/21/2022,1820,116.59,1820,1,0,0,0,0
7/25/2022,7/25/2022,0,0,0,0,7/25/2022,1560,100.54,3680,0.42,0,0,0,0
7/25/2022,7/25/2022,0,0,0,0,7/25/2022,2120,135.11,3680,0.58,0,0,0,0
7/26/2022,7/26/2022,0,0,0,0,7/26/2022,1680,107.95,1680,1,0,0,0,0
7/27/2022,7/27/2022,0,0,0,0,7/27/2022,1620,104.24,1620,1,0,0,0,0
7/29/2022,7/29/2022,0,0,0,0,7/29/2022,1580,101.78,1580,1,0,0,0,0
8/1/2022,8/1/2022,0,0,0,0,8/1/2022,840,56.1,4840,0.17,0,0,0,0
8/1/2022,8/1/2022,0,0,0,0,8/1/2022,1980,126.47,4840,0.41,0,0,0,0
8/1/2022,8/1/2022,0,0,0,0,8/1/2022,2020,128.93,4840,0.42,0,0,0,0
8/2/2022,8/2/2022,0,0,0,0,8/2/2022,1160,75.85,1160,1,0,0,0,0
8/3/2022,8/3/2022,0,0,0,0,8/3/2022,1380,89.43,7580,0.18,0,0,0,0
8/3/2022,8/3/2022,0,0,0,0,8/3/2022,1420,91.9,7580,0.19,0,0,0,0
8/3/2022,8/3/2022,0,0,0,0,8/3/2022,1460,94.37,7580,0.19,0,0,0,0
8/3/2022,8/3/2022,0,0,0,0,8/3/2022,1560,100.54,7580,0.21,0,0,0,0
8/3/2022,8/3/2022,0,0,0,0,8/3/2022,1760,112.89,7580,0.23,0,0,0,0
8/4/2022,8/4/2022,0,0,0,0,8/4/2022,1540,99.31,5440,0.28,0,0,0,0
8/4/2022,8/4/2022,0,0,0,0,8/4/2022,1800,115.36,5440,0.33,0,0,0,0
8/4/2022,8/4/2022,0,0,0,0,8/4/2022,2100,133.87,5440,0.39,0,0,0,0
8/5/2022,8/5/2022,0,0,0,0,8/5/2022,1580,101.78,1580,1,0,0,0,0
8/8/2022,8/8/2022,0,0,0,0,8/8/2022,1780,114.12,1780,1,0,0,0,0
8/9/2022,8/9/2022,0,0,0,0,8/9/2022,1380,89.43,4820,0.29,0,0,0,0
8/9/2022,8/9/2022,0,0,0,0,8/9/2022,1500,96.84,4820,0.31,0,0,0,0
8/9/2022,8/9/2022,0,0,0,0,8/9/2022,1940,124,4820,0.4,0,0,0,0
8/10/2022,8/10/2022,0,0,0,0,8/10/2022,1820,116.59,5900,0.31,0,0,0,0
8/10/2022,8/10/2022,0,0,0,0,8/10/2022,1980,126.47,5900,0.34,0,0,0,0
8/10/2022,8/10/2022,0,0,0,0,8/10/2022,2100,133.87,5900,0.36,0,0,0,0
8/11/2022,8/11/2022,0,0,0,0,8/11/2022,1960,15.23,4100,0.48,0,0,0,0
8/11/2022,8/11/2022,0,0,0,0,8/11/2022,2140,136.34,4100,0.52,0,0,0,0
8/12/2022,8/12/2022,0,0,0,0,8/12/2022,1760,112.89,1760,1,0,0,0,0
8/15/2022,8/15/2022,0,0,0,0,8/15/2022,1780,114.12,1780,1,0,0,0,0
8/16/2022,8/16/2022,0,0,0,0,8/16/2022,1260,82.02,5000,0.25,0,0,0,0
8/16/2022,8/16/2022,0,0,0,0,8/16/2022,1860,119.06,5000,0.37,0,0,0,0
8/16/2022,8/16/2022,0,0,0,0,8/16/2022,1880,120.29,5000,0.38,0,0,0,0
8/17/2022,8/17/2022,0,0,0,0,8/17/2022,1460,94.37,1460,1,0,0,0,0
8/18/2022,8/18/2022,0,0,0,0,8/18/2022,1340,86.96,3120,0.43,0,0,0,0
8/18/2022,8/18/2022,0,0,0,0,8/18/2022,1780,114.12,3120,0.57,0,0,0,0
8/19/2022,8/19/2022,0,0,0,0,8/19/2022,1980,126.47,1980,1,0,0,0,0
8/22/2022,8/22/2022,0,0,0,0,8/22/2022,1760,112.89,1760,1,0,0,0,0
8/23/2022,8/23/2022,0,0,0,0,8/23/2022,1460,94.37,6720,0.22,0,0,0,0
8/23/2022,8/23/2022,0,0,0,0,8/23/2022,1740,111.65,6720,0.26,0,0,0,0
8/23/2022,8/23/2022,0,0,0,0,8/23/2022,1760,112.89,6720,0.26,0,0,0,0
8/23/2022,8/23/2022,0,0,0,0,8/23/2022,1760,112.89,6720,0.26,0,0,0,0
8/24/2022,8/24/2022,0,0,0,0,8/24/2022,1120,73.38,4500,0.25,0,0,0,0
8/24/2022,8/24/2022,0,0,0,0,8/24/2022,1160,75.85,4500,0.26,0,0,0,0
8/24/2022,8/24/2022,0,0,0,0,8/24/2022,2220,141.28,4500,0.49,0,0,0,0
8/25/2022,8/25/2022,0,0,0,0,8/25/2022,1640,105.48,3300,0.5,0,0,0,0
8/25/2022,8/25/2022,0,0,0,0,8/25/2022,1660,106.71,3300,0.5,0,0,0,0
8/26/2022,8/26/2022,0,0,0,0,8/26/2022,1280,83.26,1280,1,0,0,0,0
8/29/2022,8/29/2022,0,0,0,0,8/29/2022,1320,85.73,2740,0.48,0,0,0,0
8/29/2022,8/29/2022,0,0,0,0,8/29/2022,1420,91.9,2740,0.52,0,0,0,0
8/30/2022,8/30/2022,0,0,0,0,8/30/2022,1560,100.54,3520,0.44,0,0,0,0
8/30/2022,8/30/2022,0,0,0,0,8/30/2022,1960,125.23,3520,0.56,0,0,0,0
8/31/2022,8/31/2022,0,0,0,0,8/31/2022,1580,101.78,7180,0.22,0,0,0,0
8/31/2022,8/31/2022,0,0,0,0,8/31/2022,1760,112.89,7180,0.25,0,0,0,0
8/31/2022,8/31/2022,0,0,0,0,8/31/2022,1840,117.82,7180,0.26,0,0,0,0
8/31/2022,8/31/2022,0,0,0,0,8/31/2022,2000,127.7,7180,0.28,0,0,0,0
9/1/2022,9/1/2022,0,0,0,0,9/1/2022,1160,75.85,5620,0.21,0,0,0,0
9/1/2022,9/1/2022,0,0,0,0,9/1/2022,1300,84.49,5620,0.23,0,0,0,0
9/1/2022,9/1/2022,0,0,0,0,9/1/2022,1340,86.96,5620,0.24,0,0,0,0
9/1/2022,9/1/2022,0,0,0,0,9/1/2022,1820,116.59,5620,0.32,0,0,0,0
9/6/2022,9/6/2022,"SE 122nd Ave & SE Stark St, Portland, OR 97216, USA",200,200,1,9/6/2022,1620,104.24,5440,0.3,5440,Portland,OR,97216
9/6/2022,9/6/2022,0,0,0,0,9/6/2022,1760,112.89,5440,0.32,0,0,0,0
9/6/2022,9/6/2022,0,0,0,0,9/6/2022,2060,131.4,5440,0.38,0,0,0,0
9/7/2022,9/7/2022,"SE 122nd Ave, Portland, OR, USA",200,200,1,9/7/2022,1260,82.02,5860,0.22,5860,Portland,OR,0
9/7/2022,9/7/2022,0,0,0,0,9/7/2022,1460,94.37,5860,0.25,0,0,0,0
9/7/2022,9/7/2022,0,0,0,0,9/7/2022,1480,95.06,5860,0.25,0,0,0,0
9/7/2022,9/7/2022,0,0,0,0,9/7/2022,1660,106.71,5860,0.28,0,0,0,0
9/8/2022,9/8/2022,0,0,0,0,9/8/2022,1220,79.55,3000,0.41,0,0,0,0
9/8/2022,9/8/2022,0,0,0,0,9/8/2022,1780,114.12,3000,0.59,0,0,0,0
9/9/2022,9/9/2022,"Portland, OR 97233, United States",200,200,1,9/9/2022,1560,100.54,3360,0.46,3360,Portland,OR,97233
9/9/2022,9/9/2022,0,0,0,0,9/9/2022,1800,115.36,3360,0.54,0,0,0,0
9/12/2022,9/12/2022,0,0,0,0,9/12/2022,2120,135.11,2120,1,0,0,0,0
9/13/2022,9/13/2022,0,0,0,0,9/13/2022,1460,94.37,3040,0.48,0,0,0,0
9/13/2022,9/13/2022,0,0,0,0,9/13/2022,1580,101.78,3040,0.52,0,0,0,0
9/14/2022,9/14/2022,0,0,0,0,9/14/2022,1320,85.73,4540,0.29,0,0,0,0
9/14/2022,9/14/2022,0,0,0,0,9/14/2022,1580,101.78,4540,0.35,0,0,0,0
9/14/2022,9/14/2022,0,0,0,0,9/14/2022,1640,105.48,4540,0.36,0,0,0,0
9/15/2022,9/15/2022,0,0,0,0,9/15/2022,1700,109.18,3520,0.48,0,0,0,0
9/15/2022,9/15/2022,0,0,0,0,9/15/2022,1820,116.59,3520,0.52,0,0,0,0
9/16/2022,9/16/2022,0,0,0,0,9/16/2022,1520,98.07,1520,1,0,0,0,0
9/19/2022,9/19/2022,0,0,0,0,9/19/2022,1160,75.85,1160,1,0,0,0,0
9/20/2022,9/20/2022,0,0,0,0,9/20/2022,1360,88.2,5940,0.23,0,0,0,0
9/20/2022,9/20/2022,0,0,0,0,9/20/2022,1380,89.43,5940,0.23,0,0,0,0
9/20/2022,9/20/2022,0,0,0,0,9/20/2022,1500,96.84,5940,0.25,0,0,0,0
9/20/2022,9/20/2022,0,0,0,0,9/20/2022,1700,109.18,5940,0.29,0,0,0,0
9/21/2022,9/21/2022,0,0,0,0,9/21/2022,1900,121.53,3920,0.48,0,0,0,0
9/21/2022,9/21/2022,0,0,0,0,9/21/2022,2020,128.93,3920,0.52,0,0,0,0
9/22/2022,9/22/2022,0,0,0,0,9/22/2022,600,41.29,6940,0.09,0,0,0,0
9/22/2022,9/22/2022,0,0,0,0,9/22/2022,1380,89.43,6940,0.2,0,0,0,0
9/22/2022,9/22/2022,0,0,0,0,9/22/2022,1480,95.6,6940,0.21,0,0,0,0
9/22/2022,9/22/2022,0,0,0,0,9/22/2022,1620,104.24,6940,0.23,0,0,0,0
9/22/2022,9/22/2022,0,0,0,0,9/22/2022,1860,119.06,6940,0.27,0,0,0,0
9/26/2022,9/26/2022,0,0,0,0,9/26/2022,1280,83.26,2820,0.45,0,0,0,0
9/26/2022,9/26/2022,0,0,0,0,9/26/2022,1540,99.31,2820,0.55,0,0,0,0
9/27/2022,9/27/2022,"162 SE Clay St, Portland, OR 97214, USA",150,2370,0.06,9/27/2022,1440,93.13,7080,0.2,424.8,Portland,OR,97214
9/27/2022,9/27/2022,"NE 87th Ave & NE Columbia Ct, Portland, OR 97220, USA",1900,2370,0.8,9/27/2022,1660,106.71,7080,0.23,5664,Portland,OR,97220
9/27/2022,9/27/2022,"SE Foster Rd & SE 102nd Ave, Portland, OR 97266, USA",320,2370,0.14,9/27/2022,1900,121.53,7080,0.27,991.2,Portland,OR,97266
9/27/2022,9/27/2022,0,0,0,0,9/27/2022,2080,132.64,7080,0.29,0,0,0,0
9/28/2022,9/28/2022,"NE 82nd Ave & NE Jonesmore St, Portland, OR 97220, USA",1300,8320,0.16,9/28/2022,1920,122.76,4220,0.45,675.2,Portland,OR,97220
9/28/2022,9/28/2022,"NE Hoyt St & NE 76th Ave, Portland, OR 97213, USA",400,8320,0.05,9/28/2022,2300,146.22,4220,0.55,211,Portland,OR,97213
9/28/2022,9/28/2022,"Portland, OR 97216, United States",1300,8320,0.16,9/28/2022,0,0,4220,0,675.2,Portland,OR,97216
9/28/2022,9/28/2022,"Portland, OR 97220, United States",5200,8320,0.62,9/28/2022,0,0,4220,0,2616.4,Portland,OR,97220
9/28/2022,9/28/2022,"SE 122nd Ave & SE Ash St, Portland, OR 97216, USA",80,8320,0.01,9/28/2022,0,0,4220,0,42.2,Portland,OR,97216
9/28/2022,9/28/2022,"SE 122nd Ave & SE Pine St, Portland, OR 97216, USA",40,8320,0,9/28/2022,0,0,4220,0,0,Portland,OR,97216
9/29/2022,9/29/2022,"102 SE Ankeny St, Portland, OR 97214, USA",0,950,0,9/29/2022,2180,138.81,6820,0.32,0,Portland,OR,97214
9/29/2022,9/29/2022,"3130 SE 148th Ave, Portland, OR 97236, United States",200,950,0.21,9/29/2022,2180,138.81,6820,0.32,1432.2,Portland,OR,97236
9/29/2022,9/29/2022,"621 NE 76th Ave, Portland, OR 97213, United States",100,950,0.11,9/29/2022,2460,0,6820,0.36,750.2,Portland,OR,97213
9/29/2022,9/29/2022,"E Burnside St & NE 99th Ave, Portland, OR 97216, USA",250,950,0.26,9/29/2022,0,0,6820,0,1773.2,Portland,OR,97216
9/29/2022,9/29/2022,"SE 82nd Ave & SE Brooklyn St, Portland, OR 97266, USA",0,950,0,9/29/2022,0,0,6820,0,0,Portland,OR,97266
9/29/2022,9/29/2022,"SE Brooklyn St & SE 85th Ave, Portland, OR 97266, USA",200,950,0.21,9/29/2022,0,0,6820,0,1432.2,Portland,OR,97266
9/29/2022,9/29/2022,"SE Clinton St & SE 85th Ave, Portland, OR 97266, USA",200,950,0.21,9/29/2022,0,0,6820,0,1432.2,Portland,OR,97266
10/3/2022,10/3/2022,"Portland, OR 97216, United States",0,900,0,10/3/2022,1220,79.55,3040,0.4,0,Portland,OR,97216
10/3/2022,10/3/2022,"Portland, OR 97266, United States",0,900,0,10/3/2022,1820,116.59,3040,0.6,0,Portland,OR,97266
10/3/2022,10/3/2022,"SE Mitchell St & SE 82nd Ave, Portland, OR 97266, USA",300,900,0.33,10/3/2022,0,0,3040,0,1003.2,Portland,OR,97266
10/3/2022,10/3/2022,"SE Powell Blvd & SE 119th Ave, Portland, OR 97266, USA",200,900,0.22,10/3/2022,0,0,3040,0,668.8,Portland,OR,97266
10/3/2022,10/3/2022,"SE Raymond Ct, Portland, OR, USA",400,900,0.44,10/3/2022,0,0,3040,0,1337.6,Portland,OR,0
10/4/2022,10/4/2022,"121-185 NE 102nd Ave, Portland, OR 97220, United States",200,3590,0.06,10/4/2022,1540,99.31,5460,0.28,327.6,Portland,OR,97220
10/4/2022,10/4/2022,"1435 NE 81st Ave #100, Portland, OR 97213, United States",80,3590,0.02,10/4/2022,1720,110.42,5460,0.32,109.2,Portland,OR,97213
10/4/2022,10/4/2022,"247 SE 82nd Ave, Portland, OR 97215, United States",100,3590,0.03,10/4/2022,2200,140.05,5460,0.4,163.8,Portland,OR,97215
10/4/2022,10/4/2022,"2595 SE 50th Ave, Portland, OR 97206, United States",100,3590,0.03,10/4/2022,0,0,5460,0,163.8,Portland,OR,97206
10/4/2022,10/4/2022,"Covington, WA 98042, United States",100,3590,0.03,10/4/2022,0,0,5460,0,163.8,Vancouver,WA,98042
10/4/2022,10/4/2022,"NE 99th Ave, Oregon, USA",0,3590,0,10/4/2022,0,0,5460,0,0,Portland,OR,0
10/4/2022,10/4/2022,"NE Halsey St, Oregon, USA",0,3590,0,10/4/2022,0,0,5460,0,0,Portland,OR,0
10/4/2022,10/4/2022,"SE 122nd Ave & SE Morrison St, Portland, OR 97216, USA",300,3590,0.08,10/4/2022,0,0,5460,0,436.8,Portland,OR,97216
10/4/2022,10/4/2022,"SE 148th Ave & SE Stark St, Portland, OR 97233, USA",160,3590,0.04,10/4/2022,0,0,5460,0,218.4,Gresham,OR,97233
10/4/2022,10/4/2022,"SE 94th Ave, Oregon, USA",150,3590,0.04,10/4/2022,0,0,5460,0,218.4,Portland,OR,0
10/4/2022,10/4/2022,"SE 97th Ave, Oregon, USA",2400,3590,0.67,10/4/2022,0,0,5460,0,3658.2,Portland,OR,0
10/5/2022,10/5/2022,"3522 SE 122nd Ave, Portland, OR 97236, United States",500,4500,0.11,10/5/2022,1360,88.2,2780,0.49,305.8,Portland,OR,97236
10/5/2022,10/5/2022,"NE Halsey St, Oregon, USA",2500,4500,0.56,10/5/2022,1420,91.9,2780,0.51,1556.8,Portland,OR,0
10/5/2022,10/5/2022,"SE 70th Ave, Oregon, USA",100,4500,0.02,10/5/2022,0,0,2780,0,55.6,Portland,OR,0
10/5/2022,10/5/2022,"SE 79th Ave, Oregon, USA",1400,4500,0.31,10/5/2022,0,0,2780,0,861.8,Portland,OR,0
10/6/2022,10/6/2022,"621 NE 76th Ave, Portland, OR 97213, United States",0,4400,0,10/6/2022,1740,111.65,3720,0.47,0,Portland,OR,97213
10/6/2022,10/6/2022,"Portland, OR 97220, United States",400,4400,0.09,10/6/2022,1980,126.47,3720,0.53,334.8,Portland,OR,97220
10/6/2022,10/6/2022,"SE 86th Ave, Oregon, USA",300,4400,0.07,10/6/2022,0,0,3720,0,260.4,Portland,OR,0
10/6/2022,10/6/2022,"SE 96th Ave & SE Main St, Portland, OR 97216, USA",1900,4400,0.43,10/6/2022,0,0,3720,0,1599.6,Portland,OR,97216
10/6/2022,10/6/2022,"SE 97th Ave, Oregon, USA",600,4400,0.14,10/6/2022,0,0,3720,0,520.8,Portland,OR,0
10/6/2022,10/6/2022,"SE Bush St, Portland, OR, USA",150,4400,0.03,10/6/2022,0,0,3720,0,111.6,Portland,OR,0
10/6/2022,10/6/2022,"SE Bush St, Portland, OR, USA",250,4400,0.06,10/6/2022,0,0,3720,0,223.2,Portland,OR,0
10/6/2022,10/6/2022,"SE Powell Blvd, Portland, OR, USA",800,4400,0.18,10/6/2022,0,0,3720,0,669.6,Portland,OR,0
10/10/2022,10/10/2022,0,0,0,0,10/10/2022,1420,91.9,3380,0.42,0,0,0,0
10/10/2022,10/10/2022,0,0,0,0,10/10/2022,1960,125.23,3380,0.58,0,0,0,0
10/11/2022,10/11/2022,"621 NE 76th Ave, Portland, OR 97213, United States",130,1940,0.07,10/11/2022,1320,85.73,5040,0.26,352.8,Portland,OR,97213
10/11/2022,10/11/2022,"7005 NE Hwy 99, Vancouver, WA 98665, United States",500,1940,0.26,10/11/2022,1680,107.95,5040,0.33,1310.4,Vancouver,WA,98665
10/11/2022,10/11/2022,"NE 99th Ave, Oregon, USA",150,1940,0.08,10/11/2022,2040,130.17,5040,0.4,403.2,Portland,OR,97216
10/11/2022,10/11/2022,"Portland, OR 97266, United States",150,1940,0.08,10/11/2022,0,0,5040,0,403.2,Portland,OR,97266
10/11/2022,10/11/2022,"SE Holgate Blvd, Portland, OR, USA",150,1940,0.08,10/11/2022,0,0,5040,0,403.2,Portland,OR,0
10/11/2022,10/11/2022,"SE Pine Ct, Portland, OR, USA",500,1940,0.26,10/11/2022,0,0,5040,0,1310.4,Portland,OR,0
10/11/2022,10/11/2022,"SE Powell Blvd & SE 74th Ave, Portland, OR 97206, USA",200,1940,0.1,10/11/2022,0,0,5040,0,504,Portland,OR,97206
10/11/2022,10/11/2022,"SE Washington St, Portland, OR, USA",160,1940,0.08,10/11/2022,0,0,5040,0,403.2,Portland,OR,0
10/12/2022,10/12/2022,"NE 158th Ave, Portland, OR 97230, USA",1200,2000,0.6,10/12/2022,1560,100.54,7020,0.22,4212,Gresham,OR,97230
10/12/2022,10/12/2022,"NE 99th Ave, Oregon, USA",200,2000,0.1,10/12/2022,1780,114.12,7020,0.25,702,Portland,OR,97216
10/12/2022,10/12/2022,"SE 61st Ave, Portland, OR, USA",200,2000,0.1,10/12/2022,1780,114.12,7020,0.25,702,Portland,OR,0
10/12/2022,10/12/2022,"SE Rhone St, Portland, OR, USA",400,2000,0.2,10/12/2022,1900,121.53,7020,0.27,1404,Portland,OR,0
10/13/2022,10/13/2022,"NE 97th Ave, Portland, OR 97220, USA",0,250,0,10/13/2022,0,0,7020,0,0,Portland,OR,97220
10/13/2022,10/13/2022,"SE 97th Ave, Oregon, USA",200,250,0.8,10/13/2022,0,0,7020,0,5616,Portland,OR,97216
10/13/2022,10/13/2022,"SE Mill St, Oregon, USA",50,250,0.2,10/13/2022,0,0,7020,0,1404,Portland,OR,97216
10/17/2022,10/17/2022,"5050 SE 82nd Ave, Portland, OR 97266, United States",150,1130,0.13,10/17/2022,2220,141.28,2220,1,288.6,Portland,OR,97266
10/17/2022,10/17/2022,"621 NE 76th Ave, Portland, OR 97213, United States",150,1130,0.13,10/17/2022,0,0,2220,0,288.6,Portland,OR,97213
10/17/2022,10/17/2022,"660 SE 160th Ave, Portland, OR 97233, United States",100,1130,0.09,10/17/2022,0,0,2220,0,199.8,Portland,OR,97233
10/17/2022,10/17/2022,"SE 122nd Ave, Portland, OR, USA",150,1130,0.13,10/17/2022,0,0,2220,0,288.6,Portland,OR,0
10/17/2022,10/17/2022,"SE 93rd Ave, Oregon 97015, USA",350,1130,0.31,10/17/2022,0,0,2220,0,688.2,Portland,OR,97216
10/17/2022,10/17/2022,"SE Foster Rd, Oregon, USA",150,1130,0.13,10/17/2022,0,0,2220,0,288.6,Portland,OR,97216
10/17/2022,10/17/2022,"SE Schiller St, Portland, OR, USA",80,1130,0.07,10/17/2022,0,0,2220,0,155.4,Portland,OR,0
10/18/2022,10/18/2022,"97 E Burnside St, Portland, OR 97214, USA",2000,2200,0.91,10/18/2022,1560,100,3520,0.44,3203.2,Portland,OR,97214
10/18/2022,10/18/2022,"NE 92nd Pl & E Burnside St, Portland, OR 97216, USA",200,2200,0.09,10/18/2022,1960,125.23,3520,0.56,316.8,Portland,OR,97216
10/19/2022,10/19/2022,"97 E Burnside St, Portland, OR 97214, USA",5500,5500,1,10/19/2022,1540,99.31,3740,0.41,3740,Portland,OR,97214
10/19/2022,10/19/2022,0,0,0,0,10/19/2022,2200,140.05,3740,0.59,0,0,0,0
10/20/2022,10/20/2022,"102 Pine St, Deer Park, NY 11729, USA",200,1650,0.12,10/20/2022,1480,95.6,9640,0.15,1156.8,Portland,OR,97214
10/20/2022,10/20/2022,"18080 SW Lower Boones Ferry Rd, Tigard, OR 97224, United States",150,1650,0.09,10/20/2022,1580,101.78,9640,0.16,867.6,Tigard,OR,97224
10/20/2022,10/20/2022,"2925 SE Division St, Portland, OR 97202, United States",300,1650,0.18,10/20/2022,1880,120.29,9640,0.2,1735.2,Portland,OR,97202
10/20/2022,10/20/2022,"E Burnside St & SE 99th Ave, Portland, OR 97216, USA",150,1650,0.09,10/20/2022,2160,137.58,9640,0.22,867.6,Portland,OR,97216
10/20/2022,10/20/2022,"NE Davis St, Portland, OR, USA",450,1650,0.27,10/20/2022,2540,161.03,9640,0.26,2602.8,Portland,OR,0
10/20/2022,10/20/2022,"Portland, OR 97206, United States",400,1650,0.24,10/20/2022,0,0,9640,0,2313.6,Portland,OR,97206
10/24/2022,10/24/2022,0,0,0,0,10/24/2022,2060,131.4,2060,1,0,0,0,0
10/25/2022,10/25/2022,"621 NE 76th Ave, Portland, OR 97213, United States",400,36400,0.01,10/25/2022,1960,125.23,9200,0.21,92,Portland,OR,97213
10/25/2022,10/25/2022,"Portland, OR 97220, United States",36000,36400,0.99,10/25/2022,2160,137.58,9200,0.23,9108,Portland,OR,97220
10/25/2022,10/25/2022,0,0,0,0,10/25/2022,2300,146.22,9200,0.25,0,0,0,0
10/25/2022,10/25/2022,0,0,0,0,10/25/2022,2780,175.85,9200,0.3,0,0,0,0
10/26/2022,10/26/2022,"5050 SE 82nd Ave, Portland, OR 97266, United States",150,3700,0.04,10/26/2022,2760,174.61,5980,0.46,239.2,Portland,OR,97266
10/26/2022,10/26/2022,"NE 92nd Dr, Portland, OR 97220, USA",2400,3700,0.65,10/26/2022,3220,203,5980,0.54,3887,Portland,OR,97220
10/26/2022,10/26/2022,"Portland, OR 97220, United States",500,3700,0.14,10/26/2022,0,0,5980,0,837.2,Portland,OR,97220
10/26/2022,10/26/2022,"SE Clinton St, Oregon, USA",100,3700,0.03,10/26/2022,0,0,5980,0,179.4,Portland,OR,97216
10/26/2022,10/26/2022,"SE Malden St & SE 82nd Ave, Portland, OR 97206, USA",250,3700,0.07,10/26/2022,0,0,5980,0,418.6,Portland,OR,97206
10/26/2022,10/26/2022,"SE Morrison St, Portland, OR, USA",300,3700,0.08,10/26/2022,0,0,5980,0,478.4,Portland,OR,0
10/27/2022,10/27/2022,"NE 99th Ave, Oregon, USA",3700,3850,0.96,10/27/2022,2140,136.34,10560,0.2,10137.6,Portland,OR,97216
10/27/2022,10/27/2022,"SE Morrison St, Portland, OR, USA",150,3850,0.04,10/27/2022,2240,142.51,10560,0.21,422.4,Portland,OR,0
10/27/2022,10/27/2022,0,0,0,0,10/27/2022,3020,190.66,10560,0.29,0,0,0,0
10/27/2022,10/27/2022,0,0,0,0,10/27/2022,3160,199.3,10560,0.3,0,0,0,0
10/31/2022,10/31/2022,"8304 SE Stark St, Portland, OR 97216, United States",1300,2300,0.57,10/31/2022,1820,116.59,1820,1,1037.4,Portland,OR,97216
10/31/2022,10/31/2022,"Portland, OR 97266, United States",500,2300,0.22,10/31/2022,0,0,1820,0,400.4,Portland,OR,97266
10/31/2022,10/31/2022,"Portland, OR 97266, United States",500,2300,0.22,10/31/2022,0,0,1820,0,400.4,Portland,OR,97266
11/1/2022,11/1/2022,"621 NE 76th Ave, Portland, OR 97213, United States",250,3370,0.07,11/1/2022,2660,168.44,8640,0.31,604.8,Portland,OR,97213
11/1/2022,11/1/2022,"NE 162nd Ave, Oregon 97230, USA",200,3370,0.06,11/1/2022,2860,180.78,8640,0.33,518.4,Gresham,OR,97230
11/1/2022,11/1/2022,"NE 92nd Ave & NE Halsey St, Portland, OR 97220, USA",500,3370,0.15,11/1/2022,3120,196.83,8640,0.36,1296,Portland,OR,97220
11/1/2022,11/1/2022,"NE Halsey St & NE 162nd Ave, Gresham, OR 97230, USA",650,3370,0.19,11/1/2022,0,0,8640,0,1641.6,Gresham,OR,97230
11/1/2022,11/1/2022,"Portland, OR 97220, United States",120,3370,0.04,11/1/2022,0,0,8640,0,345.6,Portland,OR,97220
11/1/2022,11/1/2022,"Portland, OR 97220, United States",700,3370,0.21,11/1/2022,0,0,8640,0,1814.4,Portland,OR,97220
11/1/2022,11/1/2022,"Portland, OR 97266, United States",400,3370,0.12,11/1/2022,0,0,8640,0,1036.8,Portland,OR,97266
11/1/2022,11/1/2022,"SE 82nd Ave & SE Brooklyn St, Portland, OR 97266, USA",550,3370,0.16,11/1/2022,0,0,8640,0,1382.4,Portland,OR,97266
11/2/2022,11/2/2022,"NE 92nd Dr & NE Columbia Ct, Portland, OR 97220, USA",500,2900,0.17,11/2/2022,2240,142.51,9720,0.23,1652.4,Portland,OR,97220
11/2/2022,11/2/2022,"NE Fremont St & NE 105th Ave, Portland, OR 97220, USA",2400,2900,0.83,11/2/2022,2280,144.98,9720,0.23,8067.6,Portland,OR,97220
11/2/2022,11/2/2022,0,0,0,0,11/2/2022,2420,153.62,9720,0.25,0,0,0,0
11/2/2022,11/2/2022,0,0,0,0,11/2/2022,2780,175.85,9720,0.29,0,0,0,0
11/3/2022,11/3/2022,"NE 158th Ave & NE Sandy Blvd, Portland, OR 97230, USA",2,2,1,11/3/2022,1380,89.43,6800,0.2,6800,Gresham,OR,97230
11/3/2022,11/3/2022,0,0,0,0,11/3/2022,2700,170.91,6800,0.4,0,0,0,0
11/3/2022,11/3/2022,0,0,0,0,11/3/2022,2720,172.14,6800,0.4,0,0,0,0
11/7/2022,11/7/2022,"SE 122nd Ave & SE Morrison St, Portland, OR 97216, USA",1300,2200,0.59,11/7/2022,2020,128.93,2020,1,1191.8,Portland,OR,97216
11/7/2022,11/7/2022,"SW 150th Ct & SW Division St, Beaverton, OR 97007, USA",900,2200,0.41,11/7/2022,0,0,2020,0,828.2,Beaverton,OR,97007
11/8/2022,11/8/2022,"NE 158th Ave & NE Sandy Blvd, Portland, OR 97230, USA",10400,13900,0.75,11/8/2022,2900,183.25,16160,0.18,12120,Gresham,OR,97230
11/8/2022,11/8/2022,"NE 158th Ave & Sandy Blvd, Portland, OR 97230, USA",3000,13900,0.22,11/8/2022,3060,193.13,16160,0.19,3555.2,Gresham,OR,97230
11/8/2022,11/8/2022,"SE Ash St & SE 124th Ave, Portland, OR 97233, USA",500,13900,0.04,11/8/2022,3080,194.36,16160,0.19,646.4,Portland,OR,97233
11/8/2022,11/8/2022,0,0,0,0,11/8/2022,3140,198.07,16160,0.19,0,0,0,0
11/8/2022,11/8/2022,0,0,0,0,11/8/2022,3980,249.92,16160,0.25,0,0,0,0
11/9/2022,11/9/2022,"NE 162nd Ave & NE Glisan St, Gresham, OR 97230, USA",300,3750,0.08,11/9/2022,2260,143.75,6860,0.33,548.8,Gresham,OR,97230
11/9/2022,11/9/2022,"NE 92nd Pl, Portland, OR 97220, USA",500,3750,0.13,11/9/2022,2280,144.98,6860,0.33,891.8,Portland,OR,97220
11/9/2022,11/9/2022,"NE 95th Ave, Portland, OR 97220, USA",600,3750,0.16,11/9/2022,2320,147.45,6860,0.34,1097.6,Portland,OR,97220
11/9/2022,11/9/2022,"NE Siskiyou St, Portland, OR, USA",500,3750,0.13,11/9/2022,0,0,6860,0,891.8,Portland,OR,0
11/9/2022,11/9/2022,"SE 143rd Ave & SE Division St, Portland, OR 97236, USA",210,3750,0.06,11/9/2022,0,0,6860,0,411.6,Portland,OR,97236
11/9/2022,11/9/2022,"SE 160th Ave & SE Alder St, Portland, OR 97233, USA",150,3750,0.04,11/9/2022,0,0,6860,0,274.4,Gresham,OR,97233
11/9/2022,11/9/2022,"SE 82nd Ave, Oregon, USA",0,3750,0,11/9/2022,0,0,6860,0,0,Portland,OR,97216
11/9/2022,11/9/2022,"SE 84th Ct, Portland, OR 97266, USA",600,3750,0.16,11/9/2022,0,0,6860,0,1097.6,Portland,OR,97266
11/9/2022,11/9/2022,"SE 97th Ave, Oregon, USA",250,3750,0.07,11/9/2022,0,0,6860,0,480.2,Portland,OR,97216
11/9/2022,11/9/2022,"SE Ankeny St, Portland, OR, USA",290,3750,0.08,11/9/2022,0,0,6860,0,548.8,Portland,OR,0
11/9/2022,11/9/2022,"SE Stark St, Oregon, USA",350,3750,0.09,11/9/2022,0,0,6860,0,617.4,Portland,OR,97216
11/10/2022,11/10/2022,"621 NE 76th Ave, Portland, OR 97213, United States",150,3700,0.04,11/10/2022,1880,120.29,7320,0.26,292.8,Portland,OR,97213
11/10/2022,11/10/2022,"E Burnside St & NE 99th Ave, Portland, OR 97216, USA",1000,3700,0.27,11/10/2022,2120,135.11,7320,0.29,1976.4,Portland,OR,97216
11/10/2022,11/10/2022,"NE 97th Ave, Portland, OR 97220, USA",300,3700,0.08,11/10/2022,3320,209.18,7320,0.45,585.6,Portland,OR,97220
11/10/2022,11/10/2022,"NE 99th Ave & Northeast Pacific Street, Portland, OR 97220, USA",200,3700,0.05,11/10/2022,0,0,7320,0,366,Portland,OR,97220
11/10/2022,11/10/2022,"NE Halsey St, Oregon, USA",400,3700,0.11,11/10/2022,0,0,7320,0,805.2,Portland,OR,97216
11/10/2022,11/10/2022,"NE Klickitat St & NE 82nd Ave, Portland, OR 97220, USA",300,3700,0.08,11/10/2022,0,0,7320,0,585.6,Portland,OR,97220
11/10/2022,11/10/2022,"NE Siskiyou St & NE 82nd Ave, Portland, OR 97220, USA",250,3700,0.07,11/10/2022,0,0,7320,0,512.4,Portland,OR,97220
11/10/2022,11/10/2022,"SE 122nd Ave & SE Clinton St, Portland, OR 97236, USA",1100,3700,0.3,11/10/2022,0,0,7320,0,2196,Portland,OR,97236
11/11/2022,11/11/2022,0,0,0,0,11/11/2022,1160,75.85,4140,0.28,0,0,0,0
11/11/2022,11/11/2022,0,0,0,0,11/11/2022,2980,188.19,4140,0.72,0,0,0,0
11/14/2022,11/14/2022,0,0,0,0,11/14/2022,2280,144.98,2280,1,0,0,0,0
11/15/2022,11/15/2022,"110 SE 124th Ave, Portland, OR 97233, USA",200,5853,0.03,11/15/2022,1340,86.96,5540,0.24,166.2,Portland,OR,97233
11/15/2022,11/15/2022,"621 NE 76th Ave, Portland, OR 97213, United States",200,5853,0.03,11/15/2022,2040,130.17,5540,0.37,166.2,Portland,OR,97213
11/15/2022,11/15/2022,"I-205 Multi Use Path, Oregon, USA",1100,5853,0.19,11/15/2022,2160,137.58,5540,0.39,1052.6,Portland,OR,97216
11/15/2022,11/15/2022,"Portland, OR 97220, United States",1300,5853,0.22,11/15/2022,0,0,5540,0,1218.8,Portland,OR,97220
11/15/2022,11/15/2022,"SE 122nd Ave & SE Morrison St, Portland, OR 97216, USA",3,5853,0,11/15/2022,0,0,5540,0,0,Portland,OR,97216
11/15/2022,11/15/2022,"SE 96th Dr & SE Division St, Portland, OR 97266, USA",450,5853,0.08,11/15/2022,0,0,5540,0,443.2,Portland,OR,97266
11/15/2022,11/15/2022,"SE Knapp St & SE 94th Ave, Portland, OR 97266, USA",500,5853,0.09,11/15/2022,0,0,5540,0,498.6,Portland,OR,97266
11/15/2022,11/15/2022,"SE Mt Scott Blvd & SE 92nd Ave, Portland, OR 97266, USA",1500,5853,0.26,11/15/2022,0,0,5540,0,1440.4,Portland,OR,97266
11/15/2022,11/15/2022,"SE Stark St, Oregon, USA",200,5853,0.03,11/15/2022,0,0,5540,0,166.2,Portland,OR,97216
11/15/2022,11/15/2022,"Springwater Corridor Trail, Portland, OR 97236, United States",400,5853,0.07,11/15/2022,0,0,5540,0,387.8,Portland,OR,97236
11/16/2022,11/16/2022,"16160 SE Powell Blvd, Portland, OR 97236, United States",2000,4450,0.45,11/16/2022,1240,80.79,6560,0.19,2952,Portland,OR,97236
11/16/2022,11/16/2022,"Portland, OR 97266, United States",700,4450,0.16,11/16/2022,2200,140.05,6560,0.34,1049.6,Portland,OR,97266
11/16/2022,11/16/2022,"SE 82nd Ave & SE Brooklyn St, Portland, OR 97266, USA",700,4450,0.16,11/16/2022,3120,196.83,6560,0.48,1049.6,Portland,OR,97266
11/16/2022,11/16/2022,"SE 99th Ave, Portland, OR 97266, USA",0,4450,0,11/16/2022,0,0,6560,0,0,Portland,OR,97216
11/16/2022,11/16/2022,"SE Clinton St, Oregon, USA",350,4450,0.08,11/16/2022,0,0,6560,0,524.8,Portland,OR,97216
11/16/2022,11/16/2022,"SE Reedway St & SE 128th Ave, Portland, OR 97236, USA",500,4450,0.11,11/16/2022,0,0,6560,0,721.6,Portland,OR,97236
11/16/2022,11/16/2022,"SE Tibbetts St, Oregon, USA",200,4450,0.04,11/16/2022,0,0,6560,0,262.4,Portland,OR,97216
11/17/2022,11/17/2022,"NE 92nd Dr & NE Columbia Ct, Portland, OR 97220, USA",700,5450,0.13,11/17/2022,1760,112.89,3720,0.47,483.6,Portland,OR,97220
11/17/2022,11/17/2022,"Portland, OR 97220, United States",1600,5450,0.29,11/17/2022,1960,125.23,3720,0.53,1078.8,Portland,OR,97220
11/17/2022,11/17/2022,"SE 103rd Dr, Portland, OR 97216, USA",1200,5450,0.22,11/17/2022,0,0,3720,0,818.4,Portland,OR,97216
11/17/2022,11/17/2022,"SE 111th Ave, Portland, OR, USA",250,5450,0.05,11/17/2022,0,0,3720,0,186,Portland,OR,0
11/17/2022,11/17/2022,"SE Brooklyn St & SE 87th Ave, Portland, OR 97266, USA",1700,5450,0.31,11/17/2022,0,0,3720,0,1153.2,Portland,OR,97266
11/18/2022,11/18/2022,0,0,0,0,11/18/2022,780,52.4,780,1,0,0,0,0
11/21/2022,11/21/2022,0,0,0,0,11/21/2022,1360,88.2,1360,1,0,0,0,0
11/22/2022,11/22/2022,0,0,0,0,11/22/2022,1840,117.82,5800,0.32,0,0,0,0
11/22/2022,11/22/2022,0,0,0,0,11/22/2022,1920,122.76,5800,0.33,0,0,0,0
11/22/2022,11/22/2022,0,0,0,0,11/22/2022,2040,130.17,5800,0.35,0,0,0,0
11/23/2022,11/23/2022,"1435 NE 81st Ave #100, Portland, OR 97213, United States",150,3440,0.04,11/23/2022,1860,119.06,6880,0.27,275.2,Portland,OR,97213
11/23/2022,11/23/2022,"NE 73rd Ave., Portland, OR, USA",900,3440,0.26,11/23/2022,2440,154.86,6880,0.35,1788.8,Portland,OR,0
11/23/2022,11/23/2022,"NE 97th Ave & NE Glisan St, Portland, OR 97220, USA",350,3440,0.1,11/23/2022,2580,163.5,6880,0.38,688,Portland,OR,97220
11/23/2022,11/23/2022,"NE Halsey St, Oregon, USA",300,3440,0.09,11/23/2022,0,0,6880,0,619.2,Portland,OR,97216
11/23/2022,11/23/2022,"SE 82nd Ave, Oregon, USA",140,3440,0.04,11/23/2022,0,0,6880,0,275.2,Portland,OR,97216
11/23/2022,11/23/2022,"SE Powell Blvd & SE 60th Ave, Portland, OR 97206, USA",400,3440,0.12,11/23/2022,0,0,6880,0,825.6,Portland,OR,97206
11/23/2022,11/23/2022,"SE Powell Blvd & SE 74th Ave, Portland, OR 97206, USA",1200,3440,0.35,11/23/2022,0,0,6880,0,2408,Portland,OR,97206
11/28/2022,11/28/2022,"SE Flavel St, Portland, OR, USA",900,900,1,11/28/2022,2760,174.61,2760,1,2760,Portland,OR,0
11/29/2022,11/29/2022,"566 SW Harvey Milk St, Portland, OR 97204, United States",375,1075,0.35,11/29/2022,1740,111.65,7260,0.24,2541,Portland,OR,97204
11/29/2022,11/29/2022,"Portland, OR 97206, United States",700,1075,0.65,11/29/2022,2740,173.38,7260,0.38,4719,Portland,OR,97206
11/29/2022,11/29/2022,0,0,0,0,11/29/2022,2780,175.85,7260,0.38,0,0,0,0
11/30/2022,11/30/2022,"Portland, OR 97220, United States",600,2375,0.25,11/30/2022,2100,133.87,7640,0.27,1910,Portland,OR,97220
11/30/2022,11/30/2022,"SE 111th Ave & SE Foster Rd, Portland, OR 97266, USA",950,2375,0.4,11/30/2022,2520,159.8,7640,0.33,3056,Portland,OR,97266
11/30/2022,11/30/2022,"SE Ash St & SE 119th Ave, Portland, OR 97216, USA",0,2375,0,11/30/2022,3020,190.66,7640,0.4,0,Portland,OR,97216
11/30/2022,11/30/2022,"SE Sherman St & SE 130th Ave, Portland, OR 97233, USA",450,2375,0.19,11/30/2022,0,0,7640,0,1451.6,Portland,OR,97233
11/30/2022,11/30/2022,"Springwater Corridor Trail, Portland, OR 97236, United States",375,2375,0.16,11/30/2022,0,0,7640,0,1222.4,Portland,OR,97236
12/1/2022,12/1/2022,"Portland, OR 97220, United States",2500,15100,0.17,12/1/2022,600,49,26970,0.02,4584.9,Portland,OR,97220
12/1/2022,12/1/2022,"Portland, OR 97220, United States",2600,15100,0.17,12/1/2022,720,56,26970,0.03,4584.9,Portland,OR,97220
12/1/2022,12/1/2022,"Portland, OR 97220, United States",10000,15100,0.66,12/1/2022,760,59,26970,0.03,17800.2,Portland,OR,97220
12/1/2022,12/1/2022,0,0,0,0,12/1/2022,820,62,26970,0.03,0,0,0,0
12/1/2022,12/1/2022,0,0,0,0,12/1/2022,940,69,26970,0.03,0,0,0,0
12/1/2022,12/1/2022,0,0,0,0,12/1/2022,980,71,26970,0.04,0,0,0,0
12/1/2022,12/1/2022,0,0,0,0,12/1/2022,1000,72,26970,0.04,0,0,0,0
12/1/2022,12/1/2022,0,0,0,0,12/1/2022,1020,73,26970,0.04,0,0,0,0
12/1/2022,12/1/2022,0,0,0,0,12/1/2022,1080,77,26970,0.04,0,0,0,0
12/1/2022,12/1/2022,0,0,0,0,12/1/2022,1080,77,26970,0.04,0,0,0,0
12/1/2022,12/1/2022,0,0,0,0,12/1/2022,1140,80,26970,0.04,0,0,0,0
12/1/2022,12/1/2022,0,0,0,0,12/1/2022,1150,23,26970,0.04,0,0,0,0
12/1/2022,12/1/2022,0,0,0,0,12/1/2022,1260,87,26970,0.05,0,0,0,0
12/1/2022,12/1/2022,0,0,0,0,12/1/2022,1280,88,26970,0.05,0,0,0,0
12/1/2022,12/1/2022,0,0,0,0,12/1/2022,1320,91,26970,0.05,0,0,0,0
12/1/2022,12/1/2022,0,0,0,0,12/1/2022,1400,95,26970,0.05,0,0,0,0
12/1/2022,12/1/2022,0,0,0,0,12/1/2022,1420,97,26970,0.05,0,0,0,0
12/1/2022,12/1/2022,0,0,0,0,12/1/2022,2060,133,26970,0.08,0,0,0,0
12/1/2022,12/1/2022,0,0,0,0,12/1/2022,3320,209.18,26970,0.12,0,0,0,0
12/1/2022,12/1/2022,0,0,0,0,12/1/2022,3620,227.69,26970,0.13,0,0,0,0
12/6/2022,12/6/2022,"122 SE 124th Ave, Portland, OR 97233, USA",350,6110,0.06,12/6/2022,2200,140.05,9160,0.24,549.6,Portland,OR,97233
12/6/2022,12/6/2022,"79 SE Stark St, Portland, OR 97214, USA",150,6110,0.02,12/6/2022,3080,194.36,9160,0.34,183.2,Portland,OR,97214
12/6/2022,12/6/2022,"NE 92nd Ave & NE Halsey St, Portland, OR 97220, USA",3800,6110,0.62,12/6/2022,3880,243.74,9160,0.42,5679.2,Portland,OR,97220
12/6/2022,12/6/2022,"NE 97th Ave & E Burnside St, Portland, OR 97216, USA",300,6110,0.05,12/6/2022,0,0,9160,0,458,Portland,OR,97216
12/6/2022,12/6/2022,"Portland, OR 97220, United States",260,6110,0.04,12/6/2022,0,0,9160,0,366.4,Portland,OR,97220
12/6/2022,12/6/2022,"SE 104th Ave, Portland, OR, USA",500,6110,0.08,12/6/2022,0,0,9160,0,732.8,Portland,OR,0
12/6/2022,12/6/2022,"SE 82nd Ave & SE Oak St, Portland, OR 97215, USA",100,6110,0.02,12/6/2022,0,0,9160,0,183.2,Portland,OR,97215
12/6/2022,12/6/2022,"SE Bush St, Portland, OR, USA",150,6110,0.02,12/6/2022,0,0,9160,0,183.2,Portland,OR,0
12/6/2022,12/6/2022,"SE Market St & SE 117th Ave, Portland, OR 97216, USA",100,6110,0.02,12/6/2022,0,0,9160,0,183.2,Portland,OR,97216
12/6/2022,12/6/2022,"SE Powell Blvd & SE 122nd Ave, Portland, OR 97236, USA",150,6110,0.02,12/6/2022,0,0,9160,0,183.2,Portland,OR,97236
12/6/2022,12/6/2022,"SE Powell Blvd, Portland, OR, USA",250,6110,0.04,12/6/2022,0,0,9160,0,366.4,Portland,OR,0
12/7/2022,12/7/2022,"Portland, OR 97233, United States",300,1750,0.17,12/7/2022,1600,103.01,10120,0.16,1720.4,Portland,OR,97233
12/7/2022,12/7/2022,"Portland, OR 97266, United States",250,1750,0.14,12/7/2022,2400,152.39,10120,0.24,1416.8,Portland,OR,97266
12/7/2022,12/7/2022,"SE 92nd Ave, Oregon, USA",500,1750,0.29,12/7/2022,2880,182.02,10120,0.28,2934.8,Portland,OR,97216
12/7/2022,12/7/2022,"SE Clinton St, Oregon, USA",50,1750,0.03,12/7/2022,3240,204.24,10120,0.32,303.6,Portland,OR,97216
12/7/2022,12/7/2022,"SE Cora St, Portland, OR, USA",250,1750,0.14,12/7/2022,0,0,10120,0,1416.8,Portland,OR,0
12/7/2022,12/7/2022,"SE Powell Blvd & SE 92nd Ave, Portland, OR 97266, USA",400,1750,0.23,12/7/2022,0,0,10120,0,2327.6,Portland,OR,97266
12/8/2022,12/8/2022,"NE 105th Ave, Portland, OR 97220, USA",1700,6005,0.28,12/8/2022,600,49,14220,0.04,3981.6,Portland,OR,97220
12/8/2022,12/8/2022,"NE Columbia Blvd, Portland, OR, USA",1200,6005,0.2,12/8/2022,740,57,14220,0.05,2844,Portland,OR,0
12/8/2022,12/8/2022,"NE Sandy Blvd & NE 115th Ave, Portland, OR 97220, USA",800,6005,0.13,12/8/2022,760,59,14220,0.05,1848.6,Portland,OR,97220
12/8/2022,12/8/2022,"Portland, OR 97215, United States",675,6005,0.11,12/8/2022,1100,78,14220,0.08,1564.2,Portland,OR,97215
12/8/2022,12/8/2022,"SE 122nd Ave & SE Schiller St, Portland, OR 97266, USA",200,6005,0.03,12/8/2022,1120,79,14220,0.08,426.6,Portland,OR,97266
12/8/2022,12/8/2022,"SE 136th Ave, Portland, OR, USA",300,6005,0.05,12/8/2022,1380,94,14220,0.1,711,Portland,OR,0
12/8/2022,12/8/2022,"SE Foster Rd, Oregon, USA",80,6005,0.01,12/8/2022,1540,103,14220,0.11,142.2,Portland,OR,97216
12/8/2022,12/8/2022,"SE Foster Rd, Oregon, USA",600,6005,0.1,12/8/2022,1980,129,14220,0.14,1422,Portland,OR,97216
12/8/2022,12/8/2022,"SE Stark St & SE 136th Ave, Portland, OR 97233, USA",450,6005,0.07,12/8/2022,2080,135,14220,0.15,995.4,Portland,OR,97233
12/8/2022,12/8/2022,0,0,0,0,12/8/2022,2920,184.49,14220,0.21,0,0,0,0
12/9/2022,12/9/2022,0,0,0,0,12/9/2022,2120,135.11,7880,0.27,0,0,0,0
12/9/2022,12/9/2022,0,0,0,0,12/9/2022,2340,148.69,7880,0.3,0,0,0,0
12/9/2022,12/9/2022,0,0,0,0,12/9/2022,3420,215.35,7880,0.43,0,0,0,0
12/12/2022,12/12/2022,"NE Killingsworth St & NE 105th Ave, Portland, OR 97220, USA",2800,3200,0.88,12/12/2022,3040,191.89,3040,1,2675.2,Portland,OR,97220
12/12/2022,12/12/2022,"SE Powell Blvd & SE 82nd Ave, Portland, OR 97206, USA",400,3200,0.12,12/12/2022,0,0,3040,0,364.8,Portland,OR,97206
12/13/2022,12/13/2022,"110 SE 124th Ave, Portland, OR 97233, USA",150,1320,0.11,12/13/2022,2280,144.98,2280,1,250.8,Portland,OR,97233
12/13/2022,12/13/2022,"NE 122nd Ave & NE Broadway, Portland, OR 97220, USA",45,1320,0.03,12/13/2022,0,0,2280,0,68.4,Portland,OR,97220
12/13/2022,12/13/2022,"SE 102nd Ave, Portland, OR, USA",1000,1320,0.76,12/13/2022,0,0,2280,0,1732.8,Portland,OR,97216
12/13/2022,12/13/2022,"SE 122nd Ave & SE Ash St, Portland, OR 97216, USA",125,1320,0.09,12/13/2022,0,0,2280,0,205.2,Portland,OR,97216
12/14/2022,12/14/2022,"SE 102nd Ave, Portland, OR, USA",3220,8270,0.39,12/14/2022,1260,87,3900,0.32,1521,Portland,OR,97216
12/14/2022,12/14/2022,"SE 103rd Dr, Portland, OR 97216, USA",4600,8270,0.56,12/14/2022,2640,167.2,3900,0.68,2184,Portland,OR,97216
12/14/2022,12/14/2022,"SE Foster Rd, Oregon, USA",450,8270,0.05,12/14/2022,0,0,3900,0,195,Portland,OR,97216
12/15/2022,12/15/2022,"SE 103rd Dr, Portland, OR 97216, USA",780,3730,0.21,12/15/2022,1480,100,7980,0.19,1675.8,Portland,OR,97216
12/15/2022,12/15/2022,"SE 103rd Pl, Portland, OR 97266, USA",1500,3730,0.4,12/15/2022,1600,103.01,7980,0.2,3192,Portland,OR,97266
12/15/2022,12/15/2022,"SE 111th Ave, Portland, OR, USA",400,3730,0.11,12/15/2022,1680,111,7980,0.21,877.8,Portland,OR,97216
12/15/2022,12/15/2022,"SE 11th Ave, Portland, OR, USA",250,3730,0.07,12/15/2022,3220,203,7980,0.4,558.6,Portland,OR,97216
12/15/2022,12/15/2022,"SE 93rd Ave, Portland, OR 97266, USA",800,3730,0.21,12/15/2022,0,0,7980,0,1675.8,Portland,OR,97266
12/16/2022,12/16/2022,0,0,0,0,12/16/2022,1800,118,7460,0.24,0,0,0,0
12/16/2022,12/16/2022,0,0,0,0,12/16/2022,2400,152.39,7460,0.32,0,0,0,0
12/16/2022,12/16/2022,0,0,0,0,12/16/2022,3260,205.47,7460,0.44,0,0,0,0
12/19/2022,12/19/2022,0,0,0,0,12/19/2022,1440,93.13,1440,1,0,0,0,0
12/20/2022,12/20/2022,"SE 84th Ave & SE Bush St, Portland, OR 97266, USA",200,780,0.26,12/20/2022,500,44,4540,0.11,1180.4,Portland,OR,97266
12/20/2022,12/20/2022,"SE 94th Ave, Oregon, USA",150,780,0.19,12/20/2022,1680,111,4540,0.37,862.6,Portland,OR,97216
12/20/2022,12/20/2022,"SE Brooklyn St, Oregon, USA",80,780,0.1,12/20/2022,2360,149.92,4540,0.52,454,Portland,OR,97216
12/20/2022,12/20/2022,"SE Clinton St & SE 84th Pl, Portland, OR 97266, USA",350,780,0.45,12/20/2022,0,0,4540,0,2043,Portland,OR,97266
12/21/2022,12/21/2022,"1019 NE 122nd Ave, Portland, OR 97230, United States",150,1850,0.08,12/21/2022,1320,69,14880,0.09,1190.4,Portland,OR,97230
12/21/2022,12/21/2022,"NE 92nd Dr & NE Marx Dr, Portland, OR 97220, USA",250,1850,0.14,12/21/2022,1780,114.12,14880,0.12,2083.2,Portland,OR,97220
12/21/2022,12/21/2022,"NE Glass Plant Rd & NE Alderwood Rd, Portland, OR 97220, USA",450,1850,0.24,12/21/2022,1880,143,14880,0.13,3571.2,Portland,OR,97220
12/21/2022,12/21/2022,"NE Oregon St & NE 122nd Ave, Portland, OR 97230, USA",100,1850,0.05,12/21/2022,2240,170,14880,0.15,744,Portland,OR,97230
12/21/2022,12/21/2022,"Portland, OR 97220, United States",400,1850,0.22,12/21/2022,2320,93,14880,0.16,3273.6,Portland,OR,97220
12/21/2022,12/21/2022,"SE Mt Scott Blvd & SE 92nd Ave, Portland, OR 97266, USA",500,1850,0.27,12/21/2022,2340,148.69,14880,0.16,4017.6,Portland,OR,97266
12/21/2022,12/21/2022,0,0,0,0,12/21/2022,3000,189.43,14880,0.2,0,0,0,0
12/22/2022,12/22/2022,0,0,0,0,12/22/2022,940,148,5860,0.16,0,0,0,0
12/22/2022,12/22/2022,0,0,0,0,12/22/2022,2220,123,5860,0.38,0,0,0,0
12/22/2022,12/22/2022,0,0,0,0,12/22/2022,2700,144,5860,0.46,0,0,0,0
12/27/2022,12/27/2022,"Portland, OR 97219, United States",300,4300,0.07,12/27/2022,1320,91,1320,1,92.4,Portland,OR,97219
12/27/2022,12/27/2022,"Portland, OR 97219, United States",2600,4300,0.6,12/27/2022,0,0,1320,0,792,Portland,OR,97219
12/27/2022,12/27/2022,"Portland, OR 97220, United States",800,4300,0.19,12/27/2022,0,0,1320,0,250.8,Portland,OR,97220
12/27/2022,12/27/2022,"Portland, OR 97236, United States",150,4300,0.03,12/27/2022,0,0,1320,0,39.6,Portland,OR,97236
12/27/2022,12/27/2022,"Portland, OR 97236, United States",350,4300,0.08,12/27/2022,0,0,1320,0,105.6,Portland,OR,97236
12/27/2022,12/27/2022,"SE 102nd Ave & SE Ankeny St, Portland, OR 97216, USA",100,4300,0.02,12/27/2022,0,0,1320,0,26.4,Portland,OR,97216
12/28/2022,12/28/2022,"11855 NE Glenn Widing Dr #9057, Portland, OR 97220, United States",375,4175,0.09,12/28/2022,2340,148.69,5760,0.41,518.4,Portland,OR,97220
12/28/2022,12/28/2022,"E Burnside St, Oregon, USA",1700,4175,0.41,12/28/2022,3420,215.35,5760,0.59,2361.6,Portland,OR,97216
12/28/2022,12/28/2022,"Gresham, OR 97233, United States",400,4175,0.1,12/28/2022,0,0,5760,0,576,Gresham,OR,97233
12/28/2022,12/28/2022,"NE 102nd Ave & NE Sandy Blvd, Portland, OR 97220, USA",700,4175,0.17,12/28/2022,0,0,5760,0,979.2,Portland,OR,97220
12/28/2022,12/28/2022,"NE 158th Ave & NE Sandy Blvd, Portland, OR 97230, USA",800,4175,0.19,12/28/2022,0,0,5760,0,1094.4,Gresham,OR,97230
12/28/2022,12/28/2022,"SE Market St, Oregon, USA",200,4175,0.05,12/28/2022,0,0,5760,0,288,Portland,OR,97216
1/3/2023,1/3/2023,"17176 SE Powell Blvd, Portland, OR 97236, USA",1000,3150,0.32,1/3/2023,1960,125.23,11980,0.16,3833.6,Portland,OR,97236
1/3/2023,1/3/2023,"247 SE 82nd Ave, Portland, OR 97215, United States",600,3150,0.19,1/3/2023,2160,137.58,11980,0.18,2276.2,Portland,OR,97215
1/3/2023,1/3/2023,"Mercersburg, PA 17236, USA",500,3150,0.16,1/3/2023,3660,230.16,11980,0.31,1916.8,Portland,OR,97216
1/3/2023,1/3/2023,"Portland, OR 97266, United States",850,3150,0.27,1/3/2023,4200,263.5,11980,0.35,3234.6,Portland,OR,97266
1/3/2023,1/3/2023,"SE 117th Ave & SE Lincoln St, Portland, OR 97216, USA",100,3150,0.03,1/3/2023,0,0,11980,0,359.4,Portland,OR,97216
1/3/2023,1/3/2023,"SE 92nd Ave & SE Alder St, Portland, OR 97216, USA",100,3150,0.03,1/3/2023,0,0,11980,0,359.4,Portland,OR,97216
1/4/2023,1/4/2023,"3522 SE 122nd Ave, Portland, OR 97236, United States",0,4875,0,1/4/2023,1260,82.023,10320,0.12,0,Portland,OR,97236
1/4/2023,1/4/2023,"550 NE 76th Ave, Portland, OR 97213, United States",1500,4875,0.31,1/4/2023,2240,142.51,10320,0.22,3199.2,Portland,OR,97213
1/4/2023,1/4/2023,"Portland, OR 97233, United States",1500,4875,0.31,1/4/2023,3380,212.88,10320,0.33,3199.2,Portland,OR,97233
1/4/2023,1/4/2023,"SE Crystal Springs Blvd & SE 92nd Ave, Portland, OR 97266, USA",175,4875,0.04,1/4/2023,3440,216.58,10320,0.33,412.8,Portland,OR,97266
1/4/2023,1/4/2023,"SE Flavel St, Portland, OR, USA",400,4875,0.08,1/4/2023,0,0,10320,0,825.6,Portland,OR,0
1/4/2023,1/4/2023,"SE Woodstock Blvd & SE 72nd Ave, Portland, OR 97206, USA",1300,4875,0.27,1/4/2023,0,0,10320,0,2786.4,Portland,OR,97206
1/5/2023,1/5/2023,"16431 NE Glisan St #6, Portland, OR 97230, United States",100,7420,0.01,1/5/2023,1080,70.91,10660,0.1,106.6,Gresham,OR,97230
1/5/2023,1/5/2023,"6049 SE Stark St, Portland, OR 97215, United States",800,7420,0.11,1/5/2023,2200,140.05,10660,0.21,1172.6,Portland,OR,97215
1/5/2023,1/5/2023,"E Burnside St, Portland, OR, USA",2600,7420,0.35,1/5/2023,2420,153.62,10660,0.23,3731,Portland,OR,0
1/5/2023,1/5/2023,"Ellensburg, WA 98926, United States",0,7420,0,1/5/2023,2460,156.09,10660,0.23,0,Ellensburg,WA,98926
1/5/2023,1/5/2023,"NE 126th Ave & E Burnside St, Portland, OR 97230, USA",0,7420,0,1/5/2023,2500,158.56,10660,0.23,0,Gresham,OR,97230
1/5/2023,1/5/2023,"NE 92nd Pl & E Burnside St, Portland, OR 97216, USA",1500,7420,0.2,1/5/2023,0,0,10660,0,2132,Portland,OR,97216
1/5/2023,1/5/2023,"Portland, OR 97220, United States",80,7420,0.01,1/5/2023,0,0,10660,0,106.6,Portland,OR,97220
1/5/2023,1/5/2023,"Portland, OR 97220, United States",700,7420,0.09,1/5/2023,0,0,10660,0,959.4,Portland,OR,97220
1/5/2023,1/5/2023,"Portland, OR 97233, United States",140,7420,0.02,1/5/2023,0,0,10660,0,213.2,Gresham,OR,97233
1/5/2023,1/5/2023,"SE 115th Ave & SE Alder St, Portland, OR 97216, USA",0,7420,0,1/5/2023,0,0,10660,0,0,Portland,OR,97216
1/5/2023,1/5/2023,"SE 129th Pl & SE Foster Rd, Portland, OR 97236, USA",0,7420,0,1/5/2023,0,0,10660,0,0,Portland,OR,97236
1/5/2023,1/5/2023,"SE 160th Ave, Portland, OR, USA",1500,7420,0.2,1/5/2023,0,0,10660,0,2132,Portland,OR,0
1/5/2023,1/5/2023,"SE Powell Blvd & SE 75th Ave, Portland, OR 97206, USA",0,7420,0,1/5/2023,0,0,10660,0,0,Portland,OR,97206
1/6/2023,1/6/2023,"NE 92nd Ave, Oregon 97220, USA",400,400,1,1/6/2023,2540,161.03,2540,1,2540,Portland,OR,97216
1/9/2023,1/9/2023,0,0,0,0,1/9/2023,3120,196.83,3120,1,0,0,0,0
1/10/2023,1/10/2023,0,0,0,0,1/10/2023,1660,106.71,9420,0.18,0,0,0,0
1/10/2023,1/10/2023,0,0,0,0,1/10/2023,2380,151.16,9420,0.25,0,0,0,0
1/10/2023,1/10/2023,0,0,0,0,1/10/2023,2560,162.27,9420,0.27,0,0,0,0
1/10/2023,1/10/2023,0,0,0,0,1/10/2023,2820,178.31,9420,0.3,0,0,0,0
1/11/2023,1/11/2023,"8840 N 61st Ave, Glendale, AZ 85302, United States",0,4730,0,1/11/2023,2240,142.51,9000,0.25,0,Portland,OR,97216
1/11/2023,1/11/2023,"NE 100th Ave & NE Halsey St, Portland, OR 97220, USA",400,4730,0.08,1/11/2023,3340,210.41,9000,0.37,720,Portland,OR,97220
1/11/2023,1/11/2023,"NE 97th Ave & NE Davis St, Portland, OR 97220, USA",700,4730,0.15,1/11/2023,3420,215.35,9000,0.38,1350,Portland,OR,97220
1/11/2023,1/11/2023,"NE 97th Ave & NE Glisan St, Portland, OR 97220, USA",250,4730,0.05,1/11/2023,0,0,9000,0,450,Portland,OR,97220
1/11/2023,1/11/2023,"NE Skidmore St & NE 82nd Ave, Portland, OR 97220, USA",900,4730,0.19,1/11/2023,0,0,9000,0,1710,Portland,OR,97220
1/11/2023,1/11/2023,"NE Skidmore St & NE 82nd Ave, Portland, OR 97220, USA",1300,4730,0.27,1/11/2023,0,0,9000,0,2430,Portland,OR,97220
1/11/2023,1/11/2023,"Portland, OR 97236, United States",40,4730,0.01,1/11/2023,0,0,9000,0,90,Portland,OR,97236
1/11/2023,1/11/2023,"Portland, OR 97266, United States",800,4730,0.17,1/11/2023,0,0,9000,0,1530,Portland,OR,97266
1/11/2023,1/11/2023,"SE Division St & SE 125th Ave, Portland, OR 97236, USA",40,4730,0.01,1/11/2023,0,0,9000,0,90,Portland,OR,97236
1/11/2023,1/11/2023,"SE Foster Rd & SE 88th Ave, Portland, OR 97266, USA",40,4730,0.01,1/11/2023,0,0,9000,0,90,Portland,OR,97266
1/11/2023,1/11/2023,"SE Holgate Blvd, Portland, OR, USA",220,4730,0.05,1/11/2023,0,0,9000,0,450,Portland,OR,97216
1/11/2023,1/11/2023,"SE Powell Blvd & SE 130th Ave, Portland, OR 97236, USA",40,4730,0.01,1/11/2023,0,0,9000,0,90,Portland,OR,97236
1/12/2023,1/12/2023,"NE 84th Ave & NE Halsey St, Portland, OR 97220, USA",0,0,1,1/12/2023,1340,86.96,8440,0.16,8440,Portland,OR,97220
1/12/2023,1/12/2023,"Portland, OR 97266, United States",0,0,1,1/12/2023,1640,105.48,8440,0.19,8440,Portland,OR,97266
1/12/2023,1/12/2023,0,0,0,0,1/12/2023,2140,136.34,8440,0.25,0,0,0,0
1/12/2023,1/12/2023,0,0,0,0,1/12/2023,3320,209.18,8440,0.39,0,0,0,0
1/17/2023,1/17/2023,"Portland, OR 97236, United States",600,600,1,1/17/2023,3040,191.89,9840,0.31,9840,Portland,OR,97236
1/17/2023,1/17/2023,0,0,0,0,1/17/2023,3240,204.24,9840,0.33,0,0,0,0
1/17/2023,1/17/2023,0,0,0,0,1/17/2023,3560,223.9,9840,0.36,0,0,0,0
1/18/2023,1/18/2023,0,0,0,0,1/18/2023,1860,119.06,9500,0.2,0,0,0,0
1/18/2023,1/18/2023,0,0,0,0,1/18/2023,3520,221.52,9500,0.37,0,0,0,0
1/18/2023,1/18/2023,0,0,0,0,1/18/2023,4120,258.56,9500,0.43,0,0,0,0
1/19/2023,1/19/2023,0,0,0,0,1/19/2023,2460,156.09,2460,1,0,0,0,0
1/23/2023,1/23/2023,"12335 NE Glisan St, Portland, OR 97230, United States",650,1900,0.34,1/23/2023,2240,142.51,2240,1,761.6,Portland,OR,97230
1/23/2023,1/23/2023,"Portland, OR 97230, United States",500,1900,0.26,1/23/2023,0,0,2240,0,582.4,Portland,OR,97230
1/23/2023,1/23/2023,"Portland, OR, United States",750,1900,0.39,1/23/2023,0,0,2240,0,873.6,Portland,OR,97216
1/24/2023,1/24/2023,"4250 NE 122nd Ave, Portland, OR 97230, United States",550,6810,0.08,1/24/2023,2860,180.78,5840,0.49,467.2,Portland,OR,97230
1/24/2023,1/24/2023,"9520 NE Sandy Blvd, Portland, OR 97220, United States",2860,6810,0.42,1/24/2023,2980,188.19,5840,0.51,2452.8,Portland,OR,97220
1/24/2023,1/24/2023,"NE 85th Ave & NE Sandy Blvd, Portland, OR 97220, USA",2600,6810,0.38,1/24/2023,0,0,5840,0,2219.2,Portland,OR,97220
1/24/2023,1/24/2023,"NE Sacramento St & NE 122nd Ave, Portland, OR 97230, USA",350,6810,0.05,1/24/2023,0,0,5840,0,292,Portland,OR,97230
1/24/2023,1/24/2023,"NE Siskiyou St & NE 122nd Ave, Portland, OR 97220, USA",350,6810,0.05,1/24/2023,0,0,5840,0,292,Portland,OR,97220
1/24/2023,1/24/2023,"SE 122nd Ave & SE Oak St, Portland, OR 97216, USA",100,6810,0.01,1/24/2023,0,0,5840,0,58.4,Portland,OR,97216
1/25/2023,1/25/2023,"NE 158th Ave & NE Sandy Blvd, Portland, OR 97230, USA",600,3200,0.19,1/25/2023,2120,135.11,2120,1,402.8,Portland,OR,97230
1/25/2023,1/25/2023,"SE Holgate Blvd & SE 56th Ave, Portland, OR 97206, USA",2600,3200,0.81,1/25/2023,0,0,2120,0,1717.2,Portland,OR,97206
1/26/2023,1/26/2023,0,0,0,0,1/26/2023,2380,151.16,5620,0.42,0,0,0,0
1/26/2023,1/26/2023,0,0,0,0,1/26/2023,3240,204.24,5620,0.58,0,0,0,0
1/27/2023,1/27/2023,0,0,0,0,1/27/2023,2080,132.64,2080,1,0,0,0,0
1/30/2023,1/30/2023,0,0,0,0,1/30/2023,1000,65.98,1000,1,0,0,0,0
1/31/2023,1/31/2023,"19215 NE Halsey St, Portland, OR 97230, United States",400,400,1,1/31/2023,1500,96.84,1500,1,1500,Gresham,OR,97230
2/1/2023,2/1/2023,"SE 136th Ave, Portland, OR, USA",6500,6500,1,2/1/2023,3360,211.65,6860,0.49,6860,Portland,OR,0
2/1/2023,2/1/2023,0,0,0,0,2/1/2023,3500,220.29,6860,0.51,0,0,0,0
2/2/2023,2/2/2023,"NE 97th Ave & E Burnside St, Portland, OR 97216, USA",2200,4900,0.45,2/2/2023,2720,172.14,5980,0.45,2691,Portland,OR,97216
2/2/2023,2/2/2023,"SE Mt Scott Blvd, Oregon, USA",2700,4900,0.55,2/2/2023,3260,205.47,5980,0.55,3289,Portland,OR,97216
2/6/2023,2/6/2023,"7900 SE Luther Rd, Portland, OR 97206, United States",799,3189,0.25,2/6/2023,2640,167.2,2640,1,660,Portland,OR,97206
2/6/2023,2/6/2023,"NE Hoyt St & NE 76th Ave, Portland, OR 97213, USA",350,3189,0.11,2/6/2023,0,0,2640,0,290.4,Portland,OR,97213
2/6/2023,2/6/2023,"SE Harold St, Portland, OR, USA",2040,3189,0.64,2/6/2023,0,0,2640,0,1689.6,Portland,OR,0
2/7/2023,2/7/2023,"Springwater Corridor Trail, Portland, OR 97236, United States",10700,10700,1,2/7/2023,3120,196.83,6600,0.47,6600,Portland,OR,97236
2/7/2023,2/7/2023,0,0,0,0,2/7/2023,3480,219.85,6600,0.53,0,0,0,0
2/8/2023,2/8/2023,"12409 SE Division St, Portland, OR 97236, United States",500,6900,0.07,2/8/2023,2480,157.33,9560,0.26,669.2,Portland,OR,97236
2/8/2023,2/8/2023,"149th and Division St.Portland, OR 97236, United States",2000,6900,0.29,2/8/2023,2640,167.2,9560,0.28,2772.4,Portland,OR,97236
2/8/2023,2/8/2023,"9268 SE Clinton St, Portland, OR 97266, United States",4400,6900,0.64,2/8/2023,4440,278.31,9560,0.46,6118.4,Portland,OR,97266
2/10/2023,2/10/2023,0,0,0,0,2/10/2023,1160,75.85,2780,0.42,0,0,0,0
2/10/2023,2/10/2023,0,0,0,0,2/10/2023,1620,104.24,2780,0.58,0,0,0,0
2/13/2023,2/13/2023,"110 SE 124th Ave, Portland, OR 97233, USA",699,3493,0.2,2/13/2023,2960,186.96,2960,1,592,Portland,OR,97233
2/13/2023,2/13/2023,"122 SE 124th Ave, Portland, OR 97233, USA",675,3493,0.19,2/13/2023,0,0,2960,0,562.4,Portland,OR,97233
2/13/2023,2/13/2023,"2595 SE 50th Ave, Portland, OR 97206, United States",45,3493,0.01,2/13/2023,0,0,2960,0,29.6,Portland,OR,97206
2/13/2023,2/13/2023,"555 NE 122nd Ave, Portland, OR 97230, USA",75,3493,0.02,2/13/2023,0,0,2960,0,59.2,Gresham,OR,97230
2/13/2023,2/13/2023,"NE Halsey St & NE 190th Pl, Gresham, OR 97230, USA",450,3493,0.13,2/13/2023,0,0,2960,0,384.8,Gresham,OR,97230
2/13/2023,2/13/2023,"SE 162nd Ave & SE Alder St, Portland, OR 97233, USA",750,3493,0.21,2/13/2023,0,0,2960,0,621.6,Gresham,OR,97233
2/13/2023,2/13/2023,"SE Powell Blvd, Portland, OR, USA",799,3493,0.23,2/13/2023,0,0,2960,0,680.8,Portland,OR,0
2/14/2023,2/14/2023,"19215 NE Halsey St, Portland, OR 97230, United States",2900,2900,1,2/14/2023,1460,109.35,4360,0.33,4360,Gresham,OR,97230
2/14/2023,2/14/2023,0,0,0,0,2/14/2023,2900,183.25,4360,0.67,0,0,0,0
2/15/2023,2/15/2023,"Portland, OR 97266, United States",2900,3369,0.86,2/15/2023,2260,143.75,7920,0.29,6811.2,Portland,OR,97266
2/15/2023,2/15/2023,"SE 128th Ave & SE Ellis St, Portland, OR 97236, USA",69,3369,0.02,2/15/2023,2760,174.61,7920,0.35,158.4,Portland,OR,97236
2/15/2023,2/15/2023,"SE Reedway St & SE 128th Ave, Portland, OR 97236, USA",400,3369,0.12,2/15/2023,2900,183.25,7920,0.37,950.4,Portland,OR,97236
2/16/2023,2/16/2023,"1922 SE 42nd Ave, Portland, OR 97215, United States",2200,3200,0.69,2/16/2023,2200,140.05,2200,1,1518,Portland,OR,97215
2/16/2023,2/16/2023,"NE Alderwood Rd, Portland, OR, USA",0,3200,0,2/16/2023,0,0,2200,0,0,Portland,OR,0
2/16/2023,2/16/2023,"SE Brooklyn St & SE 87th Ave, Portland, OR 97266, USA",100,3200,0.03,2/16/2023,0,0,2200,0,66,Portland,OR,97266
2/16/2023,2/16/2023,"SE Clinton St, Oregon, USA",200,3200,0.06,2/16/2023,0,0,2200,0,132,Portland,OR,0
2/16/2023,2/16/2023,"SE Powell Blvd & SE 136th Ave, Portland, OR 97236, USA",300,3200,0.09,2/16/2023,0,0,2200,0,198,Portland,OR,97236
2/16/2023,2/16/2023,"SE Powell Blvd & SE 148th Ave, Portland, OR 97236, USA",400,3200,0.12,2/16/2023,0,0,2200,0,264,Portland,OR,97236
2/16/2023,2/16/2023,"SE Powell Blvd, Portland, OR, USA",0,3200,0,2/16/2023,0,0,2200,0,0,Portland,OR,0
2/17/2023,2/17/2023,0,0,0,0,2/17/2023,1200,78.32,1200,1,0,0,0,0
2/20/2023,2/20/2023,"Bloomington, MN 55420, United States",275,2825,0.1,2/20/2023,3200,201.77,7300,0.44,730,Portland,OR,97213
2/20/2023,2/20/2023,"NE Clackamas St & NE 81st Ave, Portland, OR 97213, USA",500,2825,0.18,2/20/2023,4100,257.32,7300,0.56,1314,Portland,OR,97213
2/20/2023,2/20/2023,"NE Glisan St & NE 122nd Ave, Portland, OR 97220, USA",300,2825,0.11,2/20/2023,0,0,7300,0,803,Portland,OR,97220
2/20/2023,2/20/2023,"NE Hoyt St & NE 76th Ave, Portland, OR 97213, USA",550,2825,0.19,2/20/2023,0,0,7300,0,1387,Portland,OR,97213
2/20/2023,2/20/2023,"Portland, OR 97220, United States",400,2825,0.14,2/20/2023,0,0,7300,0,1022,Portland,OR,97220
2/20/2023,2/20/2023,"SE Powell Blvd, Portland, OR, USA",800,2825,0.28,2/20/2023,0,0,7300,0,2044,Portland,OR,0
2/21/2023,2/21/2023,"247 SE 82nd Ave, Portland, OR 97215, United States",1400,6200,0.23,2/21/2023,2400,152.39,8380,0.29,1927.4,Portland,OR,97215
2/21/2023,2/21/2023,"NE 158th Ave & NE Sandy Blvd, Portland, OR 97230, USA",1200,6200,0.19,2/21/2023,2660,168.44,8380,0.32,1592.2,Gresham,OR,97230
2/21/2023,2/21/2023,"Portland, OR 97230, United States",675,6200,0.11,2/21/2023,3320,209.18,8380,0.4,921.8,Gresham,OR,97230
2/21/2023,2/21/2023,"SE 160th Ave, Vancouver, WA, USA",1600,6200,0.26,2/21/2023,0,0,8380,0,2178.8,Vancouver,WA,0
2/21/2023,2/21/2023,"SE Alder St, Oregon, USA",500,6200,0.08,2/21/2023,0,0,8380,0,670.4,Portland,OR,0
2/21/2023,2/21/2023,"SE Ash St & SE 119th Ave, Portland, OR 97216, USA",375,6200,0.06,2/21/2023,0,0,8380,0,502.8,Portland,OR,97216
2/21/2023,2/21/2023,"SE Mt Scott Blvd & SE 92nd Ave, Portland, OR 97266, USA",450,6200,0.07,2/21/2023,0,0,8380,0,586.6,Portland,OR,97266
2/27/2023,2/27/2023,0,0,0,0,2/27/2023,2400,152.39,2400,1,0,0,0,0
2/28/2023,2/28/2023,"Portland, OR 97266, United States",1800,3105,0.58,2/28/2023,2040,130.17,6720,0.3,3897.6,Portland,OR,97266
2/28/2023,2/28/2023,"SE 83rd Ave & SE Schiller St, Portland, OR 97266, USA",750,3105,0.24,2/28/2023,2220,141.28,6720,0.33,1612.8,Portland,OR,97266
2/28/2023,2/28/2023,"SE Division St & SE 124th Ave, Portland, OR 97236, USA",555,3105,0.18,2/28/2023,2460,156.09,6720,0.37,1209.6,Portland,OR,97236
3/1/2023,3/1/2023,"NE Killingsworth St & NE 105th Ave, Portland, OR 97220, USA",750,6075,0.12,3/1/2023,540,37.58,3580,0.15,429.6,Portland,OR,97220
3/1/2023,3/1/2023,"NE Killingsworth St, Portland, OR, USA",1050,6075,0.17,3/1/2023,3040,191.89,3580,0.85,608.6,Portland,OR,0
3/1/2023,3/1/2023,"SE 102nd Ave, Portland, OR, USA",675,6075,0.11,3/1/2023,0,0,3580,0,393.8,Portland,OR,0
3/1/2023,3/1/2023,"SE Morrison St, Portland, OR, USA",3600,6075,0.59,3/1/2023,0,0,3580,0,2112.2,Portland,OR,0
3/2/2023,3/2/2023,"NE 97th Ave, Portland, OR 97220, USA",500,6850,0.07,3/2/2023,2500,158.56,5020,0.5,351.4,Portland,OR,97220
3/2/2023,3/2/2023,"NE Glisan St, Oregon, USA",500,6850,0.07,3/2/2023,2520,159.8,5020,0.5,351.4,Portland,OR,0
3/2/2023,3/2/2023,"NE Multnomah St & NE 122nd Ave, Portland, OR 97230, USA",700,6850,0.1,3/2/2023,0,0,5020,0,502,Portland,OR,97230
3/2/2023,3/2/2023,"NE Siskiyou St, Portland, OR, USA",4000,6850,0.58,3/2/2023,0,0,5020,0,2911.6,Portland,OR,0
3/2/2023,3/2/2023,"Portland, OR 97266, United States",675,6850,0.1,3/2/2023,0,0,5020,0,502,Portland,OR,97266
3/2/2023,3/2/2023,"SE 101st Ave & SE Division St, Portland, OR 97266, USA",200,6850,0.03,3/2/2023,0,0,5020,0,150.6,Portland,OR,97266
3/2/2023,3/2/2023,"SE 96th Dr & SE Division St, Portland, OR 97266, USA",275,6850,0.04,3/2/2023,0,0,5020,0,200.8,Portland,OR,97266
3/6/2023,3/6/2023,0,0,0,0,3/6/2023,2220,141.28,2220,1,0,0,0,0
3/7/2023,3/7/2023,"2600 SE 98th Ave, Portland, OR 97266, United States",4000,4000,1,3/7/2023,2920,184.49,6980,0.42,6980,Portland,OR,97266
3/7/2023,3/7/2023,0,0,0,0,3/7/2023,4060,254.85,6980,0.58,0,0,0,0
3/8/2023,3/8/2023,0,0,0,0,3/8/2023,2300,146.22,6020,0.38,0,0,0,0
3/8/2023,3/8/2023,0,0,0,0,3/8/2023,3720,233.87,6020,0.62,0,0,0,0
3/9/2023,3/9/2023,"Portland, OR 97218, United States",75,575,0.13,3/9/2023,0,0,6020,0,782.6,Portland,OR,97218
3/9/2023,3/9/2023,"SE 83rd Ave, Portland, OR, USA",100,575,0.17,3/9/2023,0,0,6020,0,1023.4,Portland,OR,0
3/9/2023,3/9/2023,"SE Bybee Blvd & SE 82nd Ave, Portland, OR 97266, USA",400,575,0.7,3/9/2023,0,0,6020,0,4214,Portland,OR,97266
3/10/2023,3/10/2023,0,0,0,0,3/10/2023,2400,152.39,5440,0.44,0,0,0,0
3/10/2023,3/10/2023,0,0,0,0,3/10/2023,3040,191.89,5440,0.56,0,0,0,0
3/13/2023,3/13/2023,"NE 86th Ave & NE Glisan St, Portland, OR 97220, USA",350,3800,0.09,3/13/2023,0,0,5440,0,489.6,Portland,OR,97220
3/13/2023,3/13/2023,"NE Hoyt St & NE 76th Ave, Portland, OR 97213, USA",800,3800,0.21,3/13/2023,0,0,5440,0,1142.4,Portland,OR,97213
3/13/2023,3/13/2023,"SE 94th Ave, Oregon, USA",600,3800,0.16,3/13/2023,0,0,5440,0,870.4,Portland,OR,0
3/13/2023,3/13/2023,"SE Clackamas St & SE 80th Ave, Southgate, OR 97222, USA",250,3800,0.07,3/13/2023,0,0,5440,0,380.8,Clackamas,OR,97222
3/13/2023,3/13/2023,"SE Powell Blvd, Portland, OR, USA",1800,3800,0.47,3/13/2023,0,0,5440,0,2556.8,Portland,OR,0
3/14/2023,3/14/2023,"14510 SE Stark St, Portland, OR 97233, United States",575,8150,0.07,3/14/2023,1780,114.12,10080,0.18,705.6,Portland,OR,97233
3/14/2023,3/14/2023,"2305 SE 121st Ave #5, Portland, OR 97216, United States",175,8150,0.02,3/14/2023,2380,151.16,10080,0.24,201.6,Portland,OR,97216
3/14/2023,3/14/2023,"I-205 Multi Use Path & SE Mt Scott Blvd, Portland, OR 97266, USA",1400,8150,0.17,3/14/2023,2520,159.8,10080,0.25,1713.6,Portland,OR,97266
3/14/2023,3/14/2023,"SE 98th Ave & SE Clinton St, Portland, OR 97266, USA",175,8150,0.02,3/14/2023,3400,214.12,10080,0.34,201.6,Portland,OR,97266
3/14/2023,3/14/2023,"SE Division St & SE 125th Ave, Portland, OR 97236, USA",600,8150,0.07,3/14/2023,0,0,10080,0,705.6,Portland,OR,97236
3/14/2023,3/14/2023,"SE Division St & SE 151st Ave, Portland, OR 97236, USA",950,8150,0.12,3/14/2023,0,0,10080,0,1209.6,Portland,OR,97236
3/14/2023,3/14/2023,"SE Powell Blvd & SE 111th Ave, Portland, OR 97266, USA",875,8150,0.11,3/14/2023,0,0,10080,0,1108.8,Portland,OR,97266
3/14/2023,3/14/2023,"SE Powell Blvd & SE 76th Ave, Portland, OR 97206, USA",3400,8150,0.42,3/14/2023,0,0,10080,0,4233.6,Portland,OR,97206
3/15/2023,3/15/2023,"SE Brooklyn Ct, Portland, OR, USA",250,950,0.26,3/15/2023,2140,136.34,7580,0.28,1970.8,Portland,OR,0
3/15/2023,3/15/2023,"SE Clinton St & SE 85th Ave, Portland, OR 97266, USA",100,950,0.11,3/15/2023,2420,135.62,7580,0.32,833.8,Portland,OR,97266
3/15/2023,3/15/2023,"SE Stark St & SE 100th Ave, Portland, OR 97216, USA",100,950,0.11,3/15/2023,3020,190.66,7580,0.4,833.8,Portland,OR,97216
